,MAGPIID,segID,xmax,ymax,RAmax,Decmax,z.x,QOP,mag_it,mag_rt,R50_it,R90_it,axrat_it,ang_it,fwhm_g,fwhm_r,fwhm_i,fwhm_z,stelkinfrac0p5Re,stelkinfracRe,gaskinfrac0p5Re,gaskinfracRe,re_galfit,re_err_galfit,n_galfit,n_err_galfit,q_galfit,q_err_galfit,mag_galfit,mag_err_galfit,pa_galfit,pa_err_galfit,chi2_galfit,z.y,StellarMass_bestfit,StellarMass_median,StellarMass_16,StellarMass_84,SFRburst_bestfit,SFRburst_median,SFRburst_16,SFRburst_84,P_asym,P_asym_err,C,C_err,centre_asym_x,centre_asym_y,centroid_x,centroid_y,walk_dist_pix,nan_frac
0,1201197192,2,197.5,192.5,174.711151,-1.928511,0.3462,4,19.195,18.582,1.052,3.012,0.726,102.26,0.707767182131195,0.657309206645654,0.592053528441023,0.541421871857646,1.0,0.886363636363636,0.0,0.0,0.91,0.01,3.3,0.03,0.68,0.0,18.7,0.01,-73.28,0.33,24.91,0.3462,236574251977.498,275997620491.394,242478815631.511,310003095547.202,6.50174517711999e-100,0.000186817601492,2.99450286265475e-39,0.0910251208464138,0.3670707741421721,0.02208653142130742,3.367277479249835,0.09405163108167505,74.27758318608925,74.37481671304815,71.84373317365738,71.84373317365738,2.999998906317929,0.43
1,1201197199,1,197.5,199.5,174.711151,-1.928122,0.3469,4,18.803,18.203,1.175,4.253,0.753,72.49,0.707767182131195,0.657309206645654,0.592053528441023,0.541421871857646,1.0,0.943396226415094,0.0,0.0,2.15,0.04,7.93,0.07,0.85,0.0,17.9,0.01,-60.64,0.64,19.361,0.3469,430077634919.468,425292326278.477,367241462321.578,493360887236.014,0.0005243670361937,2.30243846875829e-07,9.49864138406405e-23,0.0536294235432805,0.6357787380946335,0.017930935544381327,3.5617882054979297,0.10985140242572787,111.43611657352777,110.49997736758024,113.33828090599923,113.33828090599923,2.9999675209005154,0.21
2,1202197197,2,197.5,197.5,175.33876,-1.582294,0.2913,4,18.514,18.121,2.224,4.752,0.567,132.22,0.685580595757755,0.638082566094695,0.570035746916227,0.516527422854199,1.0,0.901554404145078,1.0,1.0,2.09,0.01,1.59,0.01,0.67,0.0,18.07,0.0,-49.71,0.27,75.824,0.2913,109620784826.3,108490510875.298,96087481254.4977,116404096608.124,1.15587302396512e-13,1.17393150985038e-61,0.0,1.05256043949189e-20,0.15755205476860462,0.004097512154774618,2.6459643666995407,0.025122267454753024,78.26828884311081,78.32344161163766,77.00473532108632,77.00473532108632,1.5357838241170443,0.2
3,1203040085,6,40.5,85.5,175.355982,0.627485,0.3124,4,19.269,18.641,1.092,2.942,0.703,164.36,0.672699441646158,0.614228065805519,0.536103766758851,0.476963254519314,1.0,0.872340425531915,0.136363636363636,0.0319148936170213,0.91,0.01,3.25,0.03,0.72,0.0,18.58,0.0,-87.92,0.34,10.163,0.3124,170317540589.95,153132979378.411,137216262112.592,170596883285.034,0.0,2.36535370321778e-20,2.00302508323971e-109,1.61437922973667e-05,0.04574780401551261,0.008130573233110677,3.085859063944384,0.7133747762486672,39.682106029178854,41.37737951067382,39.63519007209544,39.63519007209544,0.17716703056674882,0.31
4,1203070184,3,70.5,184.5,175.354316,0.632985,0.3084,4,18.831,18.23,1.348,3.622,0.851,82.24,0.672699441646158,0.614228065805519,0.536103766758851,0.476963254519314,1.0,1.0,0.0,0.0,1.62,0.01,4.36,0.03,0.92,0.0,18.02,0.0,-76.19,1.0,20.799,0.3084,269252737820.791,141997282866.617,78792643773.7173,233233528276.463,0.0,7.44133464990344e-41,0.0,4.76244573821982e-07,0.0319755689540418,0.0063200343663229255,3.3396715794073932,0.34201710997173845,69.78835700270815,71.2862392170383,69.09043924617254,69.09043924617254,0.7889266326233391,0.14
5,1203195161,10,195.5,161.5,175.347371,0.631707,0.2788,4,19.161,18.802,1.69,3.295,0.852,61.11,0.672699441646158,0.614228065805519,0.536103766758851,0.476963254519314,1.0,0.973214285714286,1.0,1.0,1.54,0.01,0.96,0.01,0.84,0.01,18.89,0.01,51.65,1.61,127.54,0.2788,52913363821.5397,58385674640.2829,52872761696.7724,64433537039.9584,2.44200277485718,2.07243605913041,0.680522770453648,3.65298566176319,0.1912185819172927,0.007004209975219105,2.40658135735203,0.052127407709554846,64.65618685847693,64.50002884491933,64.35340558601209,64.35340558601209,0.5150707872567396,0.59
6,1203196196,2,196.5,196.5,175.347315,0.633651,0.3094,4,18.005,17.415,1.911,5.227,0.755,82.12,0.672699441646158,0.614228065805519,0.536103766758851,0.476963254519314,1.0,1.0,0.0142857142857143,0.0172413793103448,1.91,0.0,2.69,0.0,0.92,0.0,17.31,0.0,78.54,0.38,10.387,0.3094,596958081335.927,370660039709.239,293581655607.018,586761915994.57,0.0,5.4016233702973e-164,0.0,2.62415129531881e-16,0.020004634421742558,0.0044105969483161835,3.4127825166753674,0.01103674801116414,117.45362570127251,117.45381083893065,117.1849627557535,117.1849627557535,0.4255891238688022,0.26
7,1203230310,5,230.5,310.5,175.345426,0.639985,0.3111,4,19.772,19.2,0.95,2.343,0.748,143.92,0.672699441646158,0.614228065805519,0.536103766758851,0.476963254519314,1.0,1.0,0.0,0.0,0.73,0.0,2.76,0.02,0.73,0.0,19.16,0.0,-31.21,0.35,12.257,0.3111,70393992870.3184,58785701029.3613,49073315600.5314,66868504678.1752,8.30387462553368e-37,1.33414983867138e-212,0.0,1.32457795506043e-23,0.02088318820013685,0.007894137754566067,2.871878172412523,0.02447770525265902,57.67379532430678,57.73039529679508,57.68539294122159,57.68539294122159,0.014616692008085136,0.12
8,1204141177,1,141.5,177.5,175.664321,-0.795457,0.1064,4,17.404,16.986,1.892,5.033,0.427,149.93,0.690628361855406,0.649325664951049,0.588130128208612,0.540102490444898,1.0,1.0,0.0,0.0,1.97,0.02,3.74,0.03,0.39,0.0,16.88,0.0,-27.44,0.1,333.683,0.1064,33732733961.5749,43774460739.6228,37581927339.8068,54438989350.6936,2.7477860292345403e-09,4.5999388594498405e-09,7.4912145406449e-54,0.0010418276912213,0.029755292136719992,0.003035144613263281,3.18966943921474,0.007273135424467636,107.30990138250606,106.6814086810742,107.32205700385194,107.32205700385194,0.05249590972232105,0.18
9,1204198199,3,198.5,199.5,175.661154,-0.794235,0.3156,4,18.865,18.372,1.99,3.837,0.691,174.34,0.690628361855406,0.649325664951049,0.588130128208612,0.540102490444898,1.0,1.0,0.67948717948718,0.919354838709677,2.04,0.02,1.35,0.01,0.63,0.0,18.33,0.01,-1.95,0.49,198.831,0.3156,88212257574.5701,95523329996.6036,86750154341.8743,111157117201.176,15.6759417128901,7.97834814210322,1.6919344868468,16.2697104658587,0.08442797582285805,0.004372868609295631,2.4758235998114295,0.019556124329774587,65.84079667393021,65.69021173441377,65.22129539620659,65.22129539620659,0.9957219099332194,0.38
10,1205093221,2,93.5,221.5,178.085597,-0.82547,0.291,4,19.186,18.634,1.207,3.499,0.73,12.65,0.621121643587341,0.585630337568697,0.529870547755623,0.48802634487448,1.0,1.0,1.0,0.741379310344828,2.24,0.04,7.61,0.07,0.63,0.0,18.27,0.01,11.54,0.15,20.442,0.291,94849430184.3496,92949339385.0266,67192885428.4465,111636642710.217,0.276719035219222,0.0045297486710941,7.424357500286519e-36,0.543365080334275,0.026981104863545255,0.006344131919507731,3.3970384821645268,0.008222249489692732,77.08684335595726,76.91896392875638,77.18191498806009,77.18191498806009,0.4442019874948094,0.06
11,1205197197,3,197.5,197.5,178.079819,-0.826803,0.2912,4,18.587,18.115,1.725,3.466,0.931,43.35,0.621121643587341,0.585630337568697,0.529870547755623,0.48802634487448,1.0,1.0,1.0,1.0,1.73,0.01,1.3,0.01,0.93,0.0,18.07,0.0,7.04,1.97,140.122,0.2912,23213531379.3971,43335621388.2104,26166830928.7183,81455900290.0775,0.215466904508837,0.939869324850763,5.06848116030921e-05,50.647819227429,0.09607808957603299,0.004046432954097737,2.496297781666893,0.07168591778528655,70.97772449809113,70.70048022320233,71.03469870745798,71.03469870745798,0.08679791599631974,0.13
12,1206110186,3,110.5,186.5,180.166761,-1.452576,0.2671,4,18.074,17.492,1.643,5.535,0.801,110.64,0.609172793543294,0.576092976963064,0.520148931617408,0.476961623112236,1.0,1.0,0.0,0.0047619047619047,1.81,0.0,4.12,0.01,0.85,0.0,17.38,0.0,-49.66,0.16,12.657,0.2671,291456528956.193,302119660993.147,244161756867.685,363532075646.397,4.65286883325476e-14,5.77113317447296e-142,0.0,2.7860514831818403e-09,0.023513055002961025,0.0028720288711532507,3.761929195336171,0.021346747148854196,96.61352515572453,96.8802449197772,96.98225426241815,96.98225426241815,0.3704480981064535,0.42
13,1206196198,1,196.5,198.5,180.161982,-1.451909,0.3263,4,18.287,17.686,1.713,5.714,0.909,83.79,0.609172793543294,0.576092976963064,0.520148931617408,0.476961623112236,1.0,1.0,0.0,0.0172413793103448,3.03,0.03,6.55,0.03,0.79,0.0,17.4,0.0,64.05,0.18,24.326,0.3263,245717299927.369,278693999341.451,244322831433.766,378604174931.01,5.5219436452781e-31,3.74430705705936e-21,2.98117746930866e-48,3.7498951732219105e-09,0.03188119448817946,0.003521442859170317,3.9734597010218007,0.007649202393740338,104.26569480282824,103.57295914236464,104.25780702396276,104.25780702396276,0.10837211378727729,0.4
14,1206276211,4,276.5,211.5,180.157536,-1.451187,0.2682,4,19.049,18.484,1.211,3.713,0.919,112.64,0.609172793543294,0.576092976963064,0.520148931617408,0.476961623112236,1.0,1.0,0.0,0.0,1.4,0.01,4.75,0.02,0.9,0.0,18.32,0.0,74.83,0.57,12.742,0.2682,162311064536.17,125238468893.042,102232297681.126,162004172289.713,6.251930501007231e-15,0.0037928889814896,5.61958761845834e-11,0.208947439553469,0.02281510824150152,0.005001079536413611,3.534239929658235,0.017727628913866613,79.10864149498532,78.45050770666484,78.76080815423666,78.76080815423666,0.3605897654707162,0.43
15,1207128248,3,128.5,248.5,182.0037,-2.480786,0.3209,4,19.89,19.455,1.473,3.26,0.553,171.69,0.622195799268185,0.572979659038787,0.508187688681967,0.461776987584158,1.0,0.917647058823529,1.0,0.823529411764706,1.39,0.01,1.81,0.02,0.53,0.0,19.42,0.01,-15.73,0.26,62.065,0.3209,74405862212.9669,78883369547.1631,58666297191.5619,98594028559.2063,1.81270819031013,0.227676206560697,1.45151753941555e-05,3.8556896287143,0.16401411799287963,0.020371425974020155,2.7726217010917935,0.015214931935531617,61.96669632606897,61.87164848177859,62.29486102484645,62.29486102484645,0.8703286140082288,0.3
16,1207197197,1,197.5,197.5,181.999863,-2.483619,0.3205,4,18.9,18.506,1.756,4.729,0.589,58.48,0.622195799268185,0.572979659038787,0.508187688681967,0.461776987584158,1.0,0.902542372881356,1.0,1.0,1.41,0.01,2.42,0.02,0.65,0.0,18.59,0.0,33.91,0.32,86.007,0.3205,96305318114.2631,281652706137.843,137854881335.521,412955691198.353,6.32224844519189,118.556626355761,56.4781447123388,165.43549152674,0.2666123966587716,0.01034299033708486,3.603857939196149,0.013536870077620965,107.00782949241335,107.0869821112934,106.5348504428648,106.5348504428648,0.5315603261770545,0.21
17,1208197197,1,197.5,197.5,184.971649,-2.481029,0.3,4,18.36,17.82,1.256,4.312,0.721,47.37,0.676138279496063,0.640464578903108,0.588886999929458,0.549779090424814,1.0,1.0,0.133333333333333,0.0967741935483871,1.27,0.01,5.25,0.04,0.82,0.0,17.7,0.0,40.99,0.41,39.918,0.3,235147751289.315,184701255555.035,171137920416.542,221625380781.93,1.36320780610972,1.4087362679797,0.270236017382809,2.32049143531725,0.07089193705132245,0.008065748536018767,3.631509210524971,0.016844677841498068,87.07648858585937,87.41556240927254,87.26578183800358,87.26578183800358,0.19220514881905307,0.17
18,1209131247,6,131.5,247.5,185.602194,-1.377202,0.2954,4,19.643,19.159,1.129,2.546,0.667,102.72,0.615920744566381,0.572139905494339,0.508534358210208,0.460650698299677,1.0,1.0,1.0,1.0,1.05,0.0,1.81,0.01,0.52,0.0,19.14,0.0,-83.4,0.18,25.546,0.2954,117993043157.431,93549582200.0073,72308704358.6012,116315212158.878,32.4361985752424,29.5761079942592,13.1495377907567,39.5065461257766,0.06456272405723291,0.006196519874146468,2.6868197179477726,0.10366071558530911,52.93965839402961,52.88708959849292,52.82507159444246,52.82507159444246,0.11543977449500731,0.09
19,1209197197,2,197.5,197.5,185.598526,-1.379979,0.2954,4,18.877,18.366,1.602,3.28,0.784,156.12,0.615920744566381,0.572139905494339,0.508534358210208,0.460650698299677,1.0,1.0,1.0,1.0,1.82,0.01,1.9,0.02,0.64,0.0,18.28,0.01,-30.58,0.46,176.302,0.2954,143777376216.764,184369420608.634,139443581947.226,215318098869.259,1.22811542450774e-10,4.9348701328814815e-09,1.8184701430429096e-56,6.00552608741488,0.10388151185639051,0.0039914194679440025,2.661638425341354,0.029189589173652285,64.32671387273967,64.19154428504574,64.29632300071432,64.29632300071432,0.13705530129703164,0.22
20,1501176107,4,176.5,107.5,212.30645,1.778244,0.3086,4,18.71,18.145,1.355,3.961,0.747,162.11,0.612897444167524,0.577237095458965,0.519972599920906,0.473332005149774,1.0,1.0,0.05,0.147887323943662,1.29,0.01,3.0,0.03,0.62,0.0,18.2,0.01,-19.5,0.24,110.853,0.3086,230284380271.939,195493280095.85,146078458730.373,224366889162.042,1.35381905846229,0.022399181416825,1.3689645696650302e-85,0.526717365965161,0.2336603261436632,0.006278451724474423,3.3080285310064133,0.016202209572897634,74.86826719219565,75.21598485551684,74.28867401612221,74.28867401612221,0.8900969227216705,0.26
21,1501196198,3,196.5,198.5,212.305338,1.783299,0.3092,4,18.311,17.713,2.309,6.545,0.723,139.85,0.612897444167524,0.577237095458965,0.519972599920906,0.473332005149774,1.0,0.833333333333333,0.0094339622641509,0.0096618357487922,2.59,0.04,3.67,0.04,0.82,0.0,17.59,0.01,-35.01,0.8,172.315,0.3092,154681183568.621,173382837113.441,153427538154.726,199651318282.673,2.17345517695842e-267,5.8657827844153407e-67,0.0,7.01715756508986e-08,0.060614386103643156,0.0030892443600718635,3.6102194885134646,0.07433186111997468,106.07602302860509,105.80161053950235,106.75646381121052,106.75646381121052,0.6805315600752949,0.27
22,1501224275,5,224.5,275.5,212.303782,1.787577,0.311,4,19.783,19.183,0.947,2.578,0.787,164.31,0.612897444167524,0.577237095458965,0.519972599920906,0.473332005149774,1.0,1.0,0.944444444444444,0.571428571428571,0.76,0.01,3.06,0.03,0.81,0.0,19.15,0.0,15.92,0.68,23.96,0.311,30364607619.076,48190591800.7137,30681828657.6427,98273127126.0895,2.34052610541284,4.76524145837734,6.1902551742344e-40,27.8111597476068,0.05209392817176842,0.007120016898418045,3.042210674557178,0.027893894285284472,54.209931747431966,54.42476309040619,54.39412700139887,54.39412700139887,0.19421188137558137,0.26
23,1501339278,9,339.5,278.5,212.29739,1.787744,0.3096,4,19.886,19.286,0.846,2.188,0.82,120.88,0.612897444167524,0.577237095458965,0.519972599920906,0.473332005149774,1.0,1.0,0.0714285714285714,0.0178571428571429,0.73,0.0,2.52,0.01,0.64,0.0,19.26,0.0,81.59,0.16,4.307,0.3096,12744712343.6516,25675447575.4361,14481535253.7537,33268088591.1912,2.51831797240721,5.36765238305488,1.48772405213025,8.2630532412424,0.0459685258709181,0.008562829059201344,2.8704463341437987,0.00646529370774734,56.87142562986679,61.46629468008611,56.681952216013364,56.681952216013364,0.19243452557904336,0.06
24,1502197197,2,197.5,197.5,212.63269,2.560971,0.2961,4,18.636,18.036,1.371,4.276,0.62,140.81,0.574015557139538,0.530238547790088,0.468300677296959,0.424455039448311,1.0,1.0,0.416666666666667,0.128378378378378,1.49,0.01,3.59,0.01,0.47,0.0,17.97,0.0,-39.15,0.07,17.816,0.2961,286146676870.054,200915195545.73,182850591352.336,225403334710.229,1.30396022500889e-18,1.33578982023527e-21,4.44799287655915e-132,1.85634233776032e-05,0.022439849142475533,0.006226857187839031,3.345331315758216,0.007237810239006522,87.68666313678538,87.90227195619511,87.55898664237039,87.55898664237039,0.15491860763374865,0.16
25,1502277280,4,277.5,280.5,212.628242,2.565582,0.2953,4,19.809,19.27,0.794,2.463,0.835,112.49,0.574015557139538,0.530238547790088,0.468300677296959,0.424455039448311,1.0,1.0,0.333333333333333,0.16,0.72,0.01,4.3,0.04,0.53,0.0,19.23,0.0,-75.39,0.14,9.898,0.2953,16151788013.6435,23816000787.0854,17403265510.3996,34759801500.436,0.0004607462507104,0.0011472893499046,1.68737221926768e-18,0.199527816158054,0.03747214364621822,0.009434838095960041,3.1463675409623986,0.043112710082743234,55.05391708172572,54.78320575955094,55.09349197766306,55.09349197766306,0.06083746219831737,0.11
26,1503197197,2,197.5,197.5,213.618958,-0.415222,0.2875,4,19.408,18.814,1.049,3.099,0.91,87.25,0.613778016046624,0.568136536545443,0.501603731280388,0.452662906047908,1.0,1.0,0.1,0.0238095238095238,0.97,0.01,3.53,0.03,0.92,0.0,18.75,0.0,-48.35,1.59,23.954,0.2875,88946374438.4572,81276942588.4171,72790667298.0341,90000438186.9672,8.85404432622689e-07,2.97029632580364e-08,3.50533255904053e-25,0.003137014409275,0.022052307974005148,0.006221909969258227,3.251604462680444,0.17559282384503402,74.03670078624687,73.92348537320397,74.10009328142432,74.10009328142432,0.07169302201087481,0.18
27,1503208231,3,208.5,231.5,213.618346,-0.413333,0.2887,4,19.549,19.074,1.255,2.363,0.698,167.37,0.613778016046624,0.568136536545443,0.501603731280388,0.452662906047908,1.0,1.0,1.0,1.0,1.18,0.0,0.8,0.01,0.65,0.0,19.14,0.01,-11.59,0.6,51.109,0.2887,47852842171.8882,49162374042.2657,42241592606.1358,58075076647.7071,6.16710487348341,1.60734298789186,0.0352261707860814,6.114963781551,0.14850788905558335,0.00670913745403291,2.253808320305069,0.024493089140573104,39.97692124332886,40.5341473831771,40.06014779079117,40.06014779079117,0.34273170578760026,0.41
28,1505197196,1,197.5,196.5,214.658035,-1.718046,0.3169,4,19.455,18.817,0.935,3.106,0.912,85.65,0.665988167019947,0.624043421142827,0.560061082573324,0.508536010307666,1.0,1.0,0.0,0.0,0.87,0.02,5.93,0.15,0.8,0.01,18.72,0.01,-60.75,1.2,82.324,0.3169,141308644321.366,159489150682.268,142700641149.059,171126419108.743,0.0686980366613462,0.600446871103705,0.106661195940172,2.30689801774031,0.023066858443690448,0.007069635556858023,3.4161312793680043,0.2045168857779425,68.29630671549886,68.50974212469868,68.25802504539872,68.25802504539872,0.11164938046203009,0.2
29,1505271308,5,271.5,308.5,214.653922,-1.711823,0.1263,4,19.742,19.431,1.056,2.447,0.805,130.46,0.665988167019947,0.624043421142827,0.560061082573324,0.508536010307666,1.0,0.790697674418605,1.0,1.0,0.96,0.0,0.99,0.0,0.62,0.0,19.49,0.0,-61.44,0.15,6.569,0.1263,2767518095.97584,3521749112.95404,2715093328.98825,4256155564.9116,2.64360006265978,1.34270401728597,0.97909242986147,2.39325365979907,0.05433997256833982,0.005809504760690536,2.524056947273907,0.019113458889595217,52.59352489652389,52.71877302584249,52.58408984413644,52.58408984413644,0.15610072129191785,0.12
30,1506211197,1,211.5,197.5,215.288599,1.623521,0.2963,4,19.265,18.643,0.99,2.885,0.892,88.99,0.636032959683653,0.58996464212733,0.522261414069197,0.471807722397973,1.0,1.0,0.05,0.0416666666666667,0.92,0.0,4.02,0.02,0.77,0.0,18.57,0.0,70.72,0.27,8.489,0.2963,210209304070.89,190570519359.918,157945650969.181,217808346250.227,0.185761011193574,0.68220145428165,0.0778261191757487,4.39180402884422,0.04157066090793092,0.006642619467329887,3.2784698433097526,0.008445366446100295,75.33662183448237,74.77432180490729,75.37337961396265,75.37337961396265,0.06454399128181698,0.19
31,1506279269,5,279.5,269.5,215.28482,1.627521,0.2966,4,19.557,19.136,1.62,3.807,0.819,109.51,0.636032959683653,0.58996464212733,0.522261414069197,0.471807722397973,1.0,0.849514563106796,1.0,1.0,1.98,0.02,2.18,0.03,0.59,0.0,19.04,0.01,-54.88,0.41,42.896,0.2966,52903634103.5158,54567638897.6479,36185117930.1275,64161760771.4322,3.12320663103216,0.751189154692799,1.69650891789016e-06,3.4440455423922,0.12165966003095881,0.0052709188496292605,2.673834952457158,0.04436020017618276,75.31572348600092,75.47702392486599,75.45553494439943,75.45553494439943,0.2741894740339534,0.19
32,1507084083,4,84.5,83.5,215.626838,0.401127,0.2581,4,19.651,19.388,1.066,2.973,0.603,163.83,0.660450728460671,0.62512838458831,0.573599634380519,0.536029848772468,1.0,0.833333333333333,1.0,1.0,0.71,0.0,1.76,0.02,0.49,0.0,19.55,0.0,-60.56,0.22,22.64,0.2581,5462491534.66416,6237497562.4166,5251699348.80089,8618548256.00273,1.4619031279487,1.08475158591872,5.16359467136772e-07,1.94337003940743,0.22682348598126112,0.01112415919154443,2.9214029638677363,0.031182674069582444,74.68251517016935,74.69790073243911,75.25089161076595,75.25089161076595,1.16767364555028,0.14
33,1507196198,3,196.5,198.5,215.620615,0.407516,0.3143,4,19.012,18.428,1.087,3.369,0.936,172.32,0.660450728460671,0.62512838458831,0.573599634380519,0.536029848772468,1.0,1.0,0.0,0.0,2.13,0.03,8.0,0.06,0.71,0.0,18.07,0.01,-21.56,0.25,33.207,0.3143,78443694673.4323,94399415330.577,77908193779.6415,119859086736.29,0.0028324082025469,1.34764893865989e-07,4.46121811540399e-44,0.0617590403412194,0.02964129217430666,0.0068125586957379965,3.604413217498486,0.018868644087576835,80.87753685316271,81.23856888937563,80.91914453518515,80.91914453518515,0.6006062071931585,0.22
34,1508197198,2,197.5,198.5,215.88356,2.714086,0.3157,4,19.448,18.875,2.124,4.206,0.356,21.65,0.581219910117881,0.544010293608881,0.484111038573954,0.440096941619674,1.0,0.691011235955056,1.0,0.932584269662921,2.24,0.01,1.05,0.01,0.24,0.0,18.88,0.0,20.16,0.07,52.022,0.3157,15321539454.6852,17192146218.2669,14140925886.5562,23898900828.4782,0.304407877807505,0.253255787082446,0.0002435925173283,1.21650201810856,0.14138054842342673,0.005670085295983044,2.382880300405357,0.0030724623619118527,71.80492367825804,71.40343802282092,71.74308429261252,71.74308429261252,0.07194206222931301,0.23
35,1509126271,4,126.5,271.5,215.895215,2.646747,0.0876,4,17.842,17.348,2.648,5.587,0.306,148.41,0.568136536545443,0.529421636273212,0.46973746420017,0.426078839404535,1.0,0.818181818181818,0.891304347826087,0.934545454545455,2.91,0.01,0.86,0.01,0.19,0.0,17.39,0.0,-32.09,0.04,331.254,0.0876,48275566920.0384,46597955161.8694,38955625243.9577,53211777849.3028,7.81177063017861,10.2332346717553,8.4627932964542,13.7520658597541,0.13991485590082928,0.004842931963628455,2.432633483802991,0.0025833645457263186,91.2005082763149,92.16117060130681,91.1507623198564,91.1507623198564,0.07023269004725943,0.23
36,1509199156,2,199.5,156.5,215.891155,2.640358,0.2828,4,17.434,16.841,3.133,9.328,0.683,77.04,0.568136536545443,0.529421636273212,0.46973746420017,0.426078839404535,1.0,0.923376623376623,0.0927835051546392,0.0298701298701299,5.04,0.08,5.25,0.04,0.77,0.0,16.54,0.01,73.41,0.37,238.839,0.2828,437974334209.415,432433625461.314,362881733193.532,474798570017.244,8.77027811532638e-06,1.25541253502412e-16,9.71736699727627e-102,0.0014526777902281,0.02709345647424074,0.001769004330677794,3.9965612485759907,0.01309971953861676,150.72213380829447,151.34341430263274,150.6335712568626,150.6335712568626,0.1028278639010001,0.23
37,1509231092,5,231.5,92.5,215.889375,2.636803,0.2806,4,19.788,19.281,0.826,2.304,0.826,12.35,0.568136536545443,0.529421636273212,0.46973746420017,0.426078839404535,1.0,1.0,0.0,0.0,0.75,0.01,4.37,0.05,0.68,0.0,19.18,0.01,19.88,0.43,29.571,0.2806,14636639847.2518,16287363340.272,13513438850.3984,32414732509.2671,0.0022490096260541,7.54815936471622e-07,1.03223744427199e-22,0.0365021234364372,0.05890739600859398,0.004184848169723555,3.1875559728386578,0.01918768066007114,51.02430737881572,51.182249297402635,51.21701170783267,51.21701170783267,0.4995873083114418,0.54
38,1511197198,1,197.5,198.5,216.571381,1.730855,0.2933,4,18.826,18.11,2.339,4.636,0.329,91.01,0.612857246078081,0.573599634380519,0.51320419774895,0.468058631318548,1.0,0.847222222222222,0.627450980392157,0.280092592592593,2.58,0.01,0.75,0.01,0.19,0.0,18.15,0.0,-89.51,0.05,112.549,0.2933,424686013375.159,448829989245.132,410731559957.963,491337179915.2,26.521650269014,9.00079173648109,1.84567193246944,30.4893753948917,0.06001249051731187,0.004934713294814838,2.252280822553039,0.325025062728488,88.41793173687878,88.30772493579919,88.42427426828306,88.42427426828306,0.008280845749766817,0.24
39,1511283231,2,283.5,231.5,216.566601,1.732688,0.2943,4,19.435,18.913,1.173,2.645,0.656,148.23,0.612857246078081,0.573599634380519,0.51320419774895,0.468058631318548,1.0,0.981132075471698,1.0,1.0,0.96,0.01,1.63,0.02,0.68,0.0,18.93,0.0,-50.82,0.57,121.351,0.2943,46059155108.3144,58032465744.5219,49756395662.4515,65488748603.6345,10.2151672842038,11.3369010042465,8.19725411937425,15.2110359730823,0.1081185553161316,0.0057377549611683345,2.762897536762867,0.056901817711752734,50.23157632813111,50.46035732661525,50.42872402691528,50.42872402691528,0.3895176343965538,0.19
40,1512197195,1,197.5,195.5,216.586304,-1.717489,0.3206,4,19.518,18.894,1.046,3.005,0.759,32.47,0.598671323041469,0.554135543080064,0.48859443294264,0.441478064558102,1.0,1.0,0.0,0.0,1.18,0.01,5.93,0.03,0.66,0.0,18.71,0.0,20.0,0.22,16.445,0.3206,194944778699.899,167503024020.829,122106641805.164,216687391645.584,34.0134746080508,35.917180589844,24.7794892282431,59.3678591741494,0.02781800145737496,0.007800290894131457,3.3356758429064244,0.010031448009131735,75.99837345192589,76.33214760990137,75.8313413604911,75.8313413604911,0.28913901029029404,0.16
41,1523197197,2,197.5,197.5,219.540924,-1.099324,0.2807,4,18.509,17.93,1.371,3.983,0.952,66.17,0.657680840440533,0.621146239673491,0.564096296388285,0.516828595137324,1.0,1.0,0.0,0.0066666666666666,1.74,0.01,4.45,0.02,0.92,0.0,17.75,0.0,35.35,0.83,25.565,0.2807,184346702358.313,215123475533.611,181959448265.043,260552592332.969,8.92094835329702e-06,0.0078533028285833,3.66080901982289e-19,1.86867778091784,0.01599782870851633,0.004711105563868792,3.553070012185493,0.033364999076508195,92.1281574927776,91.97437783494834,92.1736709820602,92.1736709820602,0.25254485987154707,0.18
42,1524197197,2,197.5,197.5,219.654114,-1.050075,0.3302,4,18.523,17.943,1.327,3.892,0.922,8.31,0.640218445241586,0.602146041059437,0.546173496934027,0.503457238154936,1.0,1.0,1.0,0.985507246376812,2.64,0.11,8.0,0.16,0.72,0.0,17.63,0.02,-48.85,0.47,158.303,0.3302,74734198414.049,83989584055.4414,72823957394.5922,97804687469.7078,32.6258475806076,23.1066732606749,15.4984825225676,35.2286589749216,0.09348760921183671,0.0038666085519906044,4.023446265085698,0.06503569272296439,72.59173630853016,72.81692255309588,72.8147328344645,72.8147328344645,0.34745039245499915,0.08
43,1524243357,3,243.5,357.5,219.651558,-1.041186,0.3292,4,19.32,18.729,1.009,3.247,0.705,109.42,0.640218445241586,0.602146041059437,0.546173496934027,0.503457238154936,1.0,0.9625,0.0,0.0,1.42,0.02,5.72,0.04,0.9,0.0,18.32,0.01,-17.19,1.13,11.783,0.3292,50849387365.3191,57619341481.0577,46823511825.0732,81936671592.4354,26.3387378391231,0.00626361468232,1.4643660678314696e-28,14.8108602446975,0.5429685325871006,0.02830067466574889,3.5083355590901917,0.0772173647446818,79.75248406183951,38.92908546148294,80.32146891936507,80.32146891936507,2.6683951913528503,0.13
44,1525170222,3,170.5,222.5,219.66866,0.335025,0.3199,4,18.873,18.239,1.314,3.86,0.768,154.99,0.706169490578691,0.661689577086997,0.600578164059923,0.554145796990953,1.0,1.0,0.0588235294117647,0.0220588235294118,1.44,0.01,3.92,0.02,0.54,0.0,18.2,0.0,-55.92,0.17,44.316,0.3199,301819867070.988,255603536494.182,192638281259.883,364904286065.741,5.92377447246385e-79,1.28492645320203e-37,2.59210036921618e-168,8.10218014973399e-08,0.047506044602549355,0.004950123406906217,3.3632713118833495,0.02386516612131089,96.58465300450905,96.81239503481493,96.51745979726043,96.51745979726043,0.07137014571105232,0.34
45,1525196197,2,196.5,197.5,219.667216,0.333636,0.3178,4,18.65,18.041,1.421,4.008,0.846,140.96,0.706169490578691,0.661689577086997,0.600578164059923,0.554145796990953,1.0,1.0,0.0,0.0,1.91,0.02,4.96,0.04,0.87,0.0,17.8,0.01,-37.31,0.77,53.511,0.3178,93535451565.1087,144197286111.44,105363062577.146,164267392626.93,0.452266502849637,0.492764475075566,0.0123390899176604,1.77536994345273,0.03670852525559417,0.004724583468969965,3.4403106061731576,0.07115352181357433,90.06953442752149,90.0732082766303,89.64945861801488,89.64945861801488,0.5502124991000721,0.31
46,1526198197,1,198.5,197.5,219.826437,2.252998,0.3021,4,18.769,18.269,1.688,3.867,0.774,81.35,0.608283321759694,0.564013949786904,0.497989088452326,0.452030233465649,1.0,0.94954128440367,0.913793103448276,0.711009174311927,3.68,0.21,8.0,0.21,0.67,0.01,17.87,0.03,-67.57,0.66,189.11,0.3021,179905782687.624,164653541770.039,150838179980.435,220237244024.166,12.973081460724,12.4140993457189,4.09500801136083,23.7631988825371,0.15535409746765869,0.013260075114408383,3.5891552616939615,0.15956131741253846,78.95486938759674,78.80709002278249,78.22553533627055,78.22553533627055,0.783949050149994,0.13
47,1527196197,1,196.5,197.5,220.044138,-0.65662,0.2899,4,19.317,18.663,1.032,2.64,0.598,68.5,0.613142032812757,0.572642793002213,0.509924426983493,0.464006465427152,1.0,0.9875,0.25,0.1125,1.08,0.01,3.04,0.03,0.27,0.0,18.62,0.0,62.57,0.08,44.375,0.2899,208583388063.942,209071955516.34,190222706325.868,227969531424.992,4.829425375977e-14,0.0005031764698812,2.8057784080388e-15,0.0511900983695237,0.07073764384767064,0.005627097056705372,2.8701652606543293,0.00328093811991728,56.180022254060006,56.45085612056789,56.677861106359565,56.677861106359565,0.500048083051503,0.24
48,1528197197,2,197.5,197.5,220.2323,-1.648061,0.3219,4,18.869,18.345,2.085,4.069,0.581,157.23,0.662378590074119,0.622168153242609,0.564138325748838,0.520026280394483,1.0,0.988439306358382,1.0,1.0,2.06,0.01,0.73,0.0,0.54,0.0,18.37,0.0,-24.9,0.17,77.264,0.3219,205544411468.966,268957811152.992,205727165510.414,304729131957.663,103.771716212935,59.477879278381,28.8524688905049,142.137747444972,0.14019643579377103,0.004097837298794778,2.246429723285466,0.008438539757337979,71.7050356535512,72.37984912811928,71.7668693322348,71.7668693322348,0.12056383113170738,0.15
49,1529198197,3,198.5,197.5,220.366888,-0.099516,0.3449,4,19.636,19.01,1.066,3.021,0.856,3.13,0.669658015381145,0.628080888292574,0.565366818271749,0.517193141989892,1.0,1.0,0.0,0.0,1.04,0.18,5.62,0.79,0.92,0.04,18.85,0.08,-10.02,13.46,2430.47,0.3449,148588464268.695,113618197400.039,92066096689.7279,142837158890.032,0.418499691430447,1.82216557265814e-10,5.78471482605823e-36,0.0080036712005879,0.04005418313493389,0.007412944522226122,3.2851384208338255,0.8039360096707049,69.93616420278465,70.51492414970829,70.19362763821951,70.19362763821951,0.7096163838689923,0.18
50,1529230052,4,230.5,52.5,220.36511,-0.107572,0.3561,4,19.363,18.766,1.493,4.296,0.885,51.37,0.669658015381145,0.628080888292574,0.565366818271749,0.517193141989892,1.0,0.703488372093023,0.347826086956522,0.0988372093023256,3.93,0.15,8.0,0.13,0.88,0.0,18.23,0.02,63.33,0.93,20.112,0.3561,249481519818.735,295973234934.672,257616959486.362,554548766511.063,13.8495370628355,38.0511150132446,13.4592728320223,130.702051844508,0.07216017243825801,0.00516691347519373,3.561796896500117,0.03157067869958493,77.57130765127539,51.96351268693104,77.76092176106863,77.76092176106863,0.49586288515359167,0.11
51,1530197196,3,197.5,196.5,222.143845,2.94129,0.3096,4,18.78,18.158,1.061,3.525,0.746,104.6,0.585588809503333,0.548468429990449,0.488584729654547,0.44415520600675,1.0,1.0,0.0,0.0108695652173913,0.93,0.0,3.82,0.02,0.63,0.0,18.13,0.0,-84.82,0.13,19.561,0.3096,243633253485.157,201262047116.382,173505246643.628,232124168553.168,0.227063443706442,5.9999773154492e-05,2.64556951803654e-31,0.299240046877885,0.035002078452504096,0.005248735245252609,3.365248174463229,0.11946503847980769,89.19945126917716,89.2745690211244,89.23740130097862,89.23740130097862,0.1579470125008357,0.25
52,1531194196,1,194.5,196.5,222.90367,-1.682174,0.3463,4,18.723,18.099,1.24,3.692,0.841,27.38,0.620042677674493,0.568691193744923,0.500024770757873,0.449051903751505,1.0,1.0,0.0,0.0564516129032258,1.7,0.02,6.01,0.05,0.79,0.0,17.87,0.01,57.28,0.32,39.383,0.3463,485616878894.937,422935321520.598,341641695538.393,498067731905.879,1.53336661667342e-44,1.85390231900738e-25,3.84474233748908e-146,1.2867947871116e-07,0.05250417729826355,0.004459972708138163,3.553877804549294,0.011255005307152217,83.37740727912706,83.40560753086379,82.94780734390456,82.94780734390456,0.42959993754168674,0.28
53,1533122361,1,122.5,361.5,222.97313,-0.132816,0.1477,4,18.236,17.779,1.041,2.595,0.607,68.93,0.572642793002213,0.536133123414348,0.478118191318244,0.436441140855001,1.0,0.9875,0.590909090909091,0.325,1.19,0.01,3.31,0.04,0.6,0.0,17.52,0.01,48.24,0.36,117.803,0.1477,93121175256.494,77063593765.7379,65794911585.3436,91067936048.1374,1.9750695876248295e-26,1.03119898967042e-31,1.57298691220762e-144,4.67984050962374e-07,0.42494790152323825,0.019730384335892304,3.146992897821122,0.011694077899621647,63.10562460231683,34.849227325194356,63.98260942111273,63.98260942111273,2.022867957448213,0.02
54,1533176049,6,176.5,49.5,222.97013,-0.15015,0.3145,4,19.888,19.374,1.368,2.597,0.602,153.52,0.572642793002213,0.536133123414348,0.478118191318244,0.436441140855001,0.973684210526316,0.513513513513513,1.0,0.837837837837838,2.17,0.02,1.13,0.01,0.24,0.0,19.17,0.01,-13.56,0.13,37.29,0.3145,125226188208.921,121292400539.55,105361008784.964,143729831623.558,30.6171707017994,38.3615714906712,30.4641796372889,46.9219037159932,0.47077295051309037,0.026785182131272834,2.4114665981158394,0.007046564929780209,46.99718480782397,48.85555094075798,47.318186590216534,47.318186590216534,2.0138220420457613,0.1
55,1533197198,3,197.5,198.5,222.968964,-0.141872,0.3154,4,19.274,18.721,1.28,2.947,0.57,5.4,0.572642793002213,0.536133123414348,0.478118191318244,0.436441140855001,1.0,0.992307692307692,1.0,1.0,1.21,0.0,1.83,0.01,0.49,0.0,18.72,0.0,4.18,0.1,40.596,0.3154,28121096657.2712,69335346098.2134,41728700951.5267,81576281503.4588,0.0002355941994345,4.1890251117486e-36,0.0,1.17347784390495e-07,0.07482745004683819,0.005346421213248578,2.7037309676058987,0.004756323307676915,61.340358760190206,60.965509286230045,61.26241170535427,61.26241170535427,0.10475615836806952,0.18
56,1534149233,4,149.5,233.5,223.092557,-0.970167,0.3116,4,19.128,18.571,1.254,3.728,0.685,38.54,0.63252201087901,0.600142372174928,0.553404878495435,0.513961302379015,1.0,1.0,0.0,0.0079365079365079,2.14,0.32,8.0,0.67,0.6,0.01,18.09,0.06,48.05,1.37,1583.063,0.3116,95479916913.8639,123399694787.379,98877998756.2954,143103131641.017,5.93569761093193e-05,1.70067639026597e-10,4.00277414575163e-58,0.0065538713187033,0.155733363789561,0.005156136045947595,3.6713028499330527,0.07888692598686053,73.62160022421904,73.61220800219269,73.41149627012078,73.41149627012078,0.7607447806569193,0.57
57,1534176099,6,176.5,99.5,223.091056,-0.977612,0.3092,4,19.08,18.509,1.155,3.1,0.897,109.94,0.63252201087901,0.600142372174928,0.553404878495435,0.513961302379015,1.0,1.0,0.0,0.0,1.18,0.09,4.4,0.29,0.94,0.03,18.23,0.04,80.92,17.12,4728.853,0.3092,122300480050.32,139696238571.517,128075952954.086,153758509995.38,0.0081432238705708,0.040701133921269,4.86252144228223e-05,0.373263317550768,0.018365340986498016,0.004982472660765886,3.4032103301820555,0.503392366166761,79.44040995135816,78.93964365901905,79.50677713504892,79.50677713504892,0.06734197083452702,0.53
58,1534198197,5,198.5,197.5,223.089834,-0.972167,0.3129,4,18.531,17.933,2.324,6.102,0.633,24.27,0.63252201087901,0.600142372174928,0.553404878495435,0.513961302379015,1.0,0.727699530516432,0.0283018867924528,0.0140845070422535,4.04,0.31,5.46,0.22,0.5,0.01,17.53,0.04,35.61,0.53,1114.832,0.3129,366245932020.107,297042615362.828,252083422085.616,331996711712.935,8.572115897330721e-15,2.03556034521316e-10,7.37285691194877e-39,0.026332843385121,0.16474284254098756,0.0040741765243573706,3.747406975827397,0.06870579925519175,99.000002341695,99.26090742799278,98.39938921430353,98.39938921430353,0.7337662428093795,0.47
59,1534224157,8,224.5,157.5,223.088389,-0.974389,0.3083,4,19.301,18.738,1.1,3.275,0.727,39.31,0.63252201087901,0.600142372174928,0.553404878495435,0.513961302379015,1.0,0.978723404255319,0.0,0.0,1.16,0.02,3.55,0.07,0.18,0.0,18.74,0.01,51.76,0.14,202.762,0.3083,171592351559.98,130255845295.901,104608385678.703,149403836063.523,4.97118008363762e-133,1.40941597885006e-09,4.40295432334416e-48,0.0033695825843821,0.07479303748072798,0.005079529483046124,3.0766832430314883,0.005391544759388312,57.32993230087292,57.00908446993826,56.38808623697339,56.38808623697339,1.0632907819219966,0.86
60,1534302074,13,302.5,74.5,223.084055,-0.979001,0.3098,4,19.845,19.247,0.834,2.458,0.774,90.42,0.63252201087901,0.600142372174928,0.553404878495435,0.513961302379015,1.0,1.0,0.0,0.0,0.9,0.01,7.57,0.11,0.62,0.0,18.88,0.01,85.62,0.27,16.352,0.3098,109856040133.566,89149281297.9485,77508745735.7387,103544773500.099,1.16216846945801e-10,4.09508353992506e-06,1.35872629893828e-13,0.0193813807013837,0.024792879082929497,0.005561215052526323,3.1808084692536323,0.008733332706520056,55.07126874063773,55.01368098263068,55.05063733176025,55.05063733176025,0.05456472192868169,0.22
61,2301064121,10,64.5,121.5,339.499849,-31.859218,0.2945,4,19.99,19.534,1.1,2.262,0.702,93.18,0.704372042140792,0.669658015381145,0.620052310273567,0.580159636243852,1.0,0.914893617021277,1.0,1.0,0.93,0.0,1.07,0.01,0.61,0.0,19.55,0.0,89.06,0.21,7.669,0.2945,53642729751.6213,69165867888.3574,54919691027.5072,83506150090.5194,23.8161306057681,25.5971681827678,18.5377691414823,34.2881057201073,0.08311272614438155,0.008140549266814106,2.403472405909934,0.0057453511449035094,56.61854903351086,56.978774907955014,56.386281897605954,56.386281897605954,0.23290892913311423,0.12
62,2301109255,8,109.5,255.5,339.496905,-31.851773,0.2936,4,19.604,19.255,1.178,2.495,0.566,115.78,0.704372042140792,0.669658015381145,0.620052310273567,0.580159636243852,1.0,0.981132075471698,1.0,1.0,1.08,0.01,0.93,0.02,0.36,0.0,19.29,0.01,-60.9,0.33,228.027,0.2936,10875509115.6628,13563239311.4224,11186856677.2883,17016435357.2353,10.1910631612821,4.8734713895192,3.78044692475863,7.78286167357389,0.11815169688354361,0.0065843602877908676,2.3773297320963223,0.03819544539801504,51.81556360125576,51.22971746898265,51.896029474995416,51.896029474995416,0.08047814328117818,0.14
63,2301196197,2,196.5,197.5,339.491215,-31.854996,0.2981,4,18.154,17.564,1.488,4.862,0.879,96.71,0.704372042140792,0.669658015381145,0.620052310273567,0.580159636243852,1.0,1.0,0.0,0.0170454545454545,1.81,0.01,5.07,0.02,0.88,0.0,17.39,0.0,-54.48,0.42,23.568,0.2981,109381821570.292,114330961290.595,101862527907.571,130286598235.826,9.65993506250758e-05,1.07848726497251e-28,2.7703429689540202e-95,5.55630296989692e-08,0.02515474688398337,0.003621819128092207,3.653149106919613,0.06113552241019771,109.5459965451011,109.25326368538106,109.46208699661648,109.46208699661648,0.33869149036254464,0.26
64,2301269327,5,269.5,327.5,339.486441,-31.847773,0.2984,4,19.103,18.575,1.423,4.472,0.755,6.21,0.704372042140792,0.669658015381145,0.620052310273567,0.580159636243852,1.0,0.923076923076923,1.0,0.935897435897436,3.26,0.04,6.3,0.04,0.62,0.0,18.09,0.01,12.85,0.17,8.975,0.2984,43944160544.608,42428619026.1239,39031611993.3638,47340675727.6796,0.0003256186413875,1.76542046016437e-13,1.0174625021414601e-58,0.0040858400268925,0.3449514000565855,0.011211498819398593,3.784869368691217,0.010369257329526834,92.23255890545059,68.26888872202343,93.84552910425627,93.84552910425627,2.9999792635810234,0.28
65,2301290261,3,290.5,261.5,339.485067,-31.85144,0.2978,4,19.127,18.582,1.008,2.956,0.783,148.91,0.704372042140792,0.669658015381145,0.620052310273567,0.580159636243852,1.0,1.0,0.5,0.5375,1.46,0.03,8.0,0.08,0.56,0.0,18.31,0.01,-40.94,0.15,25.486,0.2978,38639325589.6267,40364996330.8874,34751754858.2834,51645449331.6085,0.0031290388355988,0.004879229454457,2.36465980073496e-11,0.272967141023109,0.0640929576992138,0.005103701269937664,3.3237576873487527,0.014722332327810622,76.14917888741053,75.82029726858792,76.12923199296293,76.12923199296293,1.5707271472889606,0.51
66,2302196199,2,196.5,199.5,340.190833,-34.714767,0.2926,4,18.257,17.709,2.221,5.785,0.757,29.89,0.640063601102215,0.604090310667935,0.545034427550834,0.497280344230265,1.0,0.930051813471503,0.0212765957446809,0.0207253886010363,3.43,0.12,5.92,0.1,0.8,0.01,17.44,0.02,11.91,1.0,414.345,0.2926,102751938046.146,108707392928.078,86303714913.1292,138105380262.364,0.27297972340455,4.43367310899794e-09,0.0,1.5556033516524,0.34726972561140224,0.0074376378072620155,3.770461297772572,0.07624359423375422,118.637928646136,117.70080276581083,120.97513416166937,120.97513416166937,2.999999198031618,0.24
67,2302197233,4,197.5,233.5,340.190765,-34.712878,0.2932,4,19.296,18.704,1.418,4.18,0.573,107.48,0.640063601102215,0.604090310667935,0.545034427550834,0.497280344230265,1.0,0.993827160493827,0.394736842105263,0.111111111111111,0.86,0.02,4.48,0.14,0.57,0.01,18.89,0.02,-64.95,0.6,262.09,0.2932,65081714450.1889,50475855022.6285,36884812224.9067,68642960439.5262,21.9298402512146,19.4327303226232,12.2469086601984,22.767426505111,0.3670721689758784,0.01172033435894451,3.694551580199712,0.13933825455676585,84.7069654093171,85.15809790500577,81.85139597993489,81.85139597993489,2.99999978583921,0.46
68,2303030270,5,30.5,270.5,340.380922,-34.075946,0.4765,4,19.765,19.194,1.143,2.405,0.846,30.32,0.694224996703617,0.648740895804761,0.581224831608519,0.526240847467987,0.75,0.480392156862745,0.964285714285714,0.96078431372549,1.04,0.01,1.44,0.02,0.87,0.01,19.12,0.01,68.15,1.78,8.447,0.4765,214070345158.084,215027486431.596,186018271120.944,248789147418.917,50.8077268622541,60.3633554127603,48.3418478486524,94.8427163752257,0.31415345300068115,0.021175951353092925,2.587170861112153,0.05592657595148527,30.437038318664747,50.77664033113506,31.416455387577592,31.416455387577592,1.3573084465175849,0.03
69,2303141049,2,141.5,49.5,340.373477,-34.088224,0.4788,4,19.756,18.943,0.963,2.625,0.872,32.42,0.694224996703617,0.648740895804761,0.581224831608519,0.526240847467987,1.0,0.81578947368421,1.0,1.0,0.85,0.01,4.3,0.05,0.81,0.0,18.85,0.0,-12.49,0.72,8.45,0.4788,171328301359.441,183693981589.723,163536453676.855,208259761397.925,8.394280748654889e-34,3.89674154568256e-30,1.0177088772141399e-286,3.23098528774613e-06,0.11774931098319527,0.009444796480064173,3.1529939872212056,0.04186891230164536,56.494241885716974,49.32623189410007,56.68677085329564,56.68677085329564,0.43263823101572574,0.08
70,2303197196,4,197.5,196.5,340.36972,-34.080057,0.3428,4,19.192,18.724,2.023,3.991,0.738,71.74,0.694224996703617,0.648740895804761,0.581224831608519,0.526240847467987,1.0,0.89751552795031,1.0,1.0,2.32,0.01,1.62,0.01,0.66,0.0,18.61,0.0,72.45,0.35,34.357,0.3428,89348885624.9624,75200716806.8728,65866413452.1531,82750302807.1458,1.9884286166827,1.58553127017682,0.306509752013779,3.78755713117005,0.15418572096032612,0.006851341357524062,2.5316484460738815,0.008174824820440544,76.83129314333888,77.47556441023876,76.01110384406067,76.01110384406067,0.8505943762868992,0.16
71,2304104201,4,104.5,201.5,341.648595,-31.305159,0.2882,4,18.894,18.613,1.372,2.932,0.933,42.46,0.667890242368905,0.620247150594903,0.55196205091622,0.496893123519451,1.0,1.0,1.0,1.0,1.29,0.01,1.55,0.01,0.95,0.0,18.58,0.0,48.81,3.57,80.121,0.2882,38141153748.2716,44926749540.1565,36572235265.3476,52235480757.3211,26.0355417524793,16.605980201897,12.0482759829072,24.238057046332,0.2677739903725347,0.0069212523387249675,2.6103387617807936,0.09495626787031745,53.940579817160085,53.872399206946454,53.33367691088726,53.33367691088726,0.6509958964850683,0.04
72,2304196198,2,196.5,198.5,341.642613,-31.305326,0.2857,4,18.874,18.219,1.333,3.326,0.582,158.15,0.667890242368905,0.620247150594903,0.55196205091622,0.496893123519451,1.0,1.0,1.0,0.971014492753623,1.36,0.01,2.71,0.02,0.41,0.0,18.16,0.0,-23.65,0.12,64.183,0.2857,146929396799.165,139836090968.139,124319498691.305,175269602992.418,1.50239290299497e-21,1.13187687187096e-20,3.7358901902163e-41,6.43856430408319e-08,0.058373808168404456,0.004543682497189332,2.933451172043264,0.007745465520636774,55.99993989287681,55.72185515853177,55.87729228136062,55.87729228136062,0.16338027926732498,0.38
73,2304216163,3,216.5,163.5,341.641312,-31.307271,0.1796,4,19.36,18.893,1.34,4.613,0.56,151.11,0.667890242368905,0.620247150594903,0.55196205091622,0.496893123519451,1.0,0.823943661971831,1.0,0.97887323943662,1.42,0.03,7.9,0.13,0.56,0.0,18.73,0.01,-52.44,0.32,31.357,0.1796,29482123245.6489,34221579623.5472,27753079097.0108,38059631448.553,5.17425850647306,6.36499351222193,2.67678943762259,8.89276057413127,0.12752637670442346,0.004771296578417481,3.5358364308898818,0.04278890875059027,83.68713415258796,84.02075565799514,83.25463339093055,83.25463339093055,1.2632467398439775,0.37
74,2305197198,1,197.5,198.5,344.606659,-34.696554,0.3173,4,19.427,18.831,1.022,3.45,0.886,120.69,0.61687560262874,0.584099877650795,0.529857500013603,0.488138631433025,1.0,1.0,0.0,0.0,1.36,0.02,7.38,0.07,0.84,0.0,18.6,0.01,-76.59,0.56,20.372,0.3173,171421597632.354,154096006525.74,133171742574.245,186237978121.44,39.2009191467495,35.8050428248104,28.5018784144214,55.435691269448,0.03979582461098104,0.005715557001262667,3.658382043915398,0.21612073544197283,79.3260126686028,78.58222245597503,79.37175511867447,79.37175511867447,0.05068840800175145,0.11
75,2306197198,3,197.5,198.5,345.065704,-34.467699,0.3139,4,19.163,18.583,1.1,3.616,0.945,105.32,0.568986468532485,0.533829723318617,0.476624128338565,0.433544154249622,1.0,1.0,0.0,0.0,1.32,0.01,5.54,0.04,0.81,0.0,18.43,0.0,-63.21,0.51,28.775,0.3139,41762175648.9115,47343210423.5085,32482564020.1816,91138822657.9686,2.76677311623143,3.19770464719533,1.12604884472964e-05,39.9400882756803,0.054740319697960615,0.004708115983581225,3.5563383574159584,0.09582408574745176,85.8225565296373,85.68115127478916,85.19706243269937,85.19706243269937,0.627202548079518,0.15
76,2306319078,8,319.5,78.5,345.057483,-34.474365,0.084,4,18.4,18.126,2.799,5.417,0.889,12.86,0.568986468532485,0.533829723318617,0.476624128338565,0.433544154249622,0.730263157894737,0.33495145631068,1.0,1.0,3.43,0.03,1.53,0.01,0.79,0.0,18.01,0.01,-57.87,0.86,129.168,0.084,838791310.74198,1696067285.24502,1098206119.00091,2272661969.93742,0.378799338087549,0.396666596525275,0.0644656036653492,0.554977400240087,0.4024041155615282,0.014374938920402263,2.6644418363545066,0.10087899634345324,75.31574241675952,76.8045451232907,73.61187552134413,73.61187552134413,2.918172852621334,0.07
77,2307197200,2,197.5,200.5,345.484711,-34.497346,0.3357,4,19.339,18.761,1.583,4.819,0.859,157.97,0.683960552672356,0.648766455887034,0.596104750810452,0.553708500504517,1.0,1.0,0.16,0.0416666666666667,2.75,0.03,6.74,0.04,0.81,0.0,18.45,0.0,1.6,0.3,15.444,0.3357,1549763468207.55,1480438470966.33,1264842940562.48,1707167960209.25,0.0,7.57090027339656e-82,0.0,2.12880566654821e-15,0.035330571872133426,0.00455400370323971,3.7798873979283654,0.017826354003944906,88.29585891760229,87.45535671190208,87.90662280123115,87.90662280123115,0.5617715915732787,0.21
78,2307228105,3,228.5,105.5,345.482621,-34.502624,0.3342,4,19.873,19.262,1.177,3.095,0.69,131.71,0.683960552672356,0.648766455887034,0.596104750810452,0.553708500504517,1.0,1.0,0.766666666666667,0.471698113207547,1.17,0.02,2.91,0.06,0.48,0.0,19.23,0.01,-53.18,0.41,257.085,0.3342,510306689695.35,451553723602.867,404479062416.202,506142234635.935,9.463526151029433e-59,5.81496628115672e-65,0.0,1.35330396789778e-13,0.022942558839026458,0.00550711214750627,2.94796234201502,0.04650508144251532,68.0917524663461,67.47783380970077,68.09139836562905,68.09139836562905,0.0049199262705107456,0.18
79,2308198197,2,198.5,197.5,345.491999,-32.798679,0.3469,4,18.274,17.729,1.508,5.633,0.684,106.02,0.696006915510404,0.654393446363271,0.592317817043462,0.541421871857646,1.0,0.994252873563218,1.0,0.977011494252874,1.48,0.01,4.55,0.02,0.67,0.0,17.67,0.0,-80.82,0.11,13.42,0.3469,239570039821.26,221951631781.421,189962307838.517,252260717325.755,49.0735878706363,3.36041805589301,0.0003685269561381,37.9975746730947,0.08766281546259527,0.0028291033261826893,3.786151334839637,0.06421324133551269,105.45266929718716,104.96950739888862,105.0137789841291,105.0137789841291,0.44921157760799496,0.16
80,2309183169,1,183.5,169.5,346.276595,-30.122268,0.1563,4,18.063,17.715,1.6,3.485,0.838,94.8,0.761652631956217,0.718789108423643,0.661948555497479,0.614538945355613,1.0,1.0,1.0,1.0,1.93,0.02,2.56,0.03,0.66,0.0,17.59,0.01,86.73,0.46,377.731,0.1563,10205616491.4636,10457590156.2923,9496909455.46964,11706276507.3454,1.48781369182546,0.919932245931416,0.181890794543012,1.56673857743969,0.17627310591473458,0.005211064457185711,2.9145514867856894,0.010767718843893803,64.16880009749775,63.77873895100245,63.79211081988659,63.79211081988659,0.7366498711090309,0.38
81,2309198195,2,198.5,195.5,346.275632,-30.120823,0.3259,4,19.514,18.92,1.28,3.508,0.732,73.41,0.761652631956217,0.718789108423643,0.661948555497479,0.614538945355613,1.0,0.984375,1.0,0.984375,0.93,0.02,3.74,0.11,0.74,0.01,19.01,0.01,48.14,1.79,242.15,0.3259,53702550046.8938,57689022907.4406,52645867687.6677,62926478685.6714,0.120910163615679,0.0923242302654102,0.0089634953222408,0.431659188061177,0.0666586719768098,0.006095738183035064,3.296777366018311,0.07831911755871293,88.46270440524913,89.12652847207524,89.43530137458444,89.43530137458444,1.0207873632394175,0.27
82,2310167176,3,167.5,176.5,348.305111,-34.015689,0.2832,4,18.925,18.662,1.062,2.992,0.623,53.6,0.61198767846857,0.576053467830161,0.520782210167452,0.48001601303581,0.863636363636364,0.966666666666667,1.0,1.0,1.09,0.09,8.0,0.47,0.65,0.01,18.5,0.04,-80.6,1.14,530.834,0.2832,10713006879.038,12269198409.581,10116393883.1505,15883538065.829,12.5862371191615,9.68300352197687,8.16818221455284,12.6620867612138,0.15370498509317063,0.005658659922404896,3.692983176652272,0.6360664386830478,61.90466354955517,61.60809813077895,62.19094592685022,62.19094592685022,1.1205105122209562,0.39
83,2310167320,2,167.5,320.5,348.305111,-34.007689,0.1792,4,18.287,17.805,1.152,4.04,0.619,157.81,0.61198767846857,0.576053467830161,0.520782210167452,0.48001601303581,1.0,1.0,0.181818181818182,0.0566037735849057,1.16,0.01,5.29,0.02,0.56,0.0,17.7,0.0,-24.73,0.09,27.634,0.1792,34160552086.907,33367430270.1819,28328809455.3601,38150274245.6226,8.61437616913608,7.37180968409543,6.02872417117885,8.92618136103644,0.0399895724364903,0.004247407480323975,3.541051190631763,0.007225178438376279,98.03217440802814,76.18352312339826,98.06454836812685,98.06454836812685,0.08811372571818606,0.08
84,2310199196,4,199.5,196.5,348.302967,-34.014578,0.2833,4,18.297,17.76,2.213,4.807,0.601,121.12,0.61198767846857,0.576053467830161,0.520782210167452,0.48001601303581,1.0,0.931578947368421,1.0,0.96578947368421,3.67,0.19,5.86,0.16,0.5,0.0,17.55,0.03,-60.36,0.41,494.008,0.2833,47924433602.2806,43331446856.9348,37088517054.8598,52254576913.4706,9.67853964889642,0.0495528484002238,0.000165389859829,0.952742881173053,0.5020610173044094,0.01392718968343282,3.4569641858154205,0.06765400751261698,86.30832457945056,86.64222825921028,83.43664724419176,83.43664724419176,2.9697054125554696,0.19
85,2310313103,7,313.5,103.5,348.295325,-34.019745,0.2843,4,18.85,18.456,1.94,3.973,0.601,95.6,0.61198767846857,0.576053467830161,0.520782210167452,0.48001601303581,1.0,0.934931506849315,1.0,0.986301369863014,2.1,0.01,1.59,0.01,0.48,0.0,18.48,0.0,-84.57,0.19,63.831,0.2843,6365583979.6226,4641780098.55461,3389327166.59813,10125821926.6069,3.55496559792974,6.42940643898838,3.4689313012824,9.75361573621898,0.168593967260916,0.006583929260609149,2.5762025978200516,0.12751671359295724,74.0892339482871,73.2897253612042,74.60524323289509,74.60524323289509,0.516270830394605,0.12
86,2311197197,2,197.5,197.5,348.454529,-32.982594,0.3323,4,19.266,18.686,0.803,2.635,0.947,5.61,0.578367194471915,0.532062318835128,0.466254224526944,0.421609151277769,1.0,1.0,0.0,0.0,0.84,0.01,6.46,0.06,0.7,0.0,18.55,0.0,47.57,0.4,61.586,0.3323,45487557344.1878,46439238243.0354,42366717997.3403,54421842349.3148,7.33058744522412e-17,2.68348607098974e-19,2.54884145465281e-34,7.56148422538362e-08,0.023626010761054642,0.006214363145560111,3.4731482726830447,0.014535505297065508,70.91264788436487,70.45825243872662,70.97320984782606,70.97320984782606,0.07493820591447273,0.2
