,MAGPIID,segID,xmax,ymax,RAmax,Decmax,z.x,QOP,mag_it,mag_rt,R50_it,R90_it,axrat_it,ang_it,fwhm_g,fwhm_r,fwhm_i,fwhm_z,stelkinfrac0p5Re,stelkinfracRe,gaskinfrac0p5Re,gaskinfracRe,re_galfit,re_err_galfit,n_galfit,n_err_galfit,q_galfit,q_err_galfit,mag_galfit,mag_err_galfit,pa_galfit,pa_err_galfit,chi2_galfit,z.y,StellarMass_bestfit,StellarMass_median,StellarMass_16,StellarMass_84,SFRburst_bestfit,SFRburst_median,SFRburst_16,SFRburst_84,P_asym,P_asym_err,C,C_err,centre_asym_x,centre_asym_y,centroid_x,centroid_y,walk_dist_pix,nan_frac,v_asym_g,v_asym_g_err,V_rot_g,SNR_g,Sigma_g,v_asym_s,v_asym_s_err,V_rot_s,SNR_s,Sigma_s,SFR_20,SFR_20_err,Ha_20,Ha_20_err,SFR_80,SFR_80_err,Ha_80,Ha_80_err,SFR_50,SFR_50_err,Ha_50,Ha_50_err,StarForm_ID_20,StarForm_ID_80,StarForm_ID_50,SFR_trev,SFR_err_trev,SFR_flag_trev,SNR_Phot,Phot_Flag,Kin_Flag_s,Kin_Flag_g
0,1201197192,2,197.5,192.5,174.711151,-1.928511,0.3462,4,19.195,18.582,1.052,3.012,0.726,102.26,0.707767182131195,0.657309206645654,0.592053528441023,0.541421871857646,1.0,0.886363636363636,0.0,0.0,0.91,0.01,3.3,0.03,0.68,0.0,18.7,0.01,-73.28,0.33,24.91,0.3462,236574251977.498,275997620491.394,242478815631.511,310003095547.202,6.50174517711999e-100,0.000186817601492,2.99450286265475e-39,0.0910251208464138,0.3670707741421721,0.0220865314213074,3.367277479249835,0.094051631081675,74.27758318608925,74.37481671304815,71.84373317365738,71.84373317365738,2.999998906317929,0.43,,,,,,,,,,,,,,,,,,,,,,,,,,,,,12.386399958440135,1,0,0
1,1201197199,1,197.5,199.5,174.711151,-1.928122,0.3469,4,18.803,18.203,1.175,4.253,0.753,72.49,0.707767182131195,0.657309206645654,0.592053528441023,0.541421871857646,1.0,0.943396226415094,0.0,0.0,2.15,0.04,7.93,0.07,0.85,0.0,17.9,0.01,-60.64,0.64,19.361,0.3469,430077634919.468,425292326278.477,367241462321.578,493360887236.014,0.0005243670361937,2.30243846875829e-07,9.49864138406405e-23,0.0536294235432805,0.6357787380946335,0.0179309355443813,3.5617882054979297,0.1098514024257278,111.43611657352776,110.49997736758024,113.33828090599924,113.33828090599924,2.9999675209005154,0.21,,,,,,,,,,,,,,,,,,,,,,,,,,,,,7.711851682651659,1,0,0
2,1202197197,2,197.5,197.5,175.33876,-1.582294,0.2913,4,18.514,18.121,2.224,4.752,0.567,132.22,0.685580595757755,0.638082566094695,0.570035746916227,0.516527422854199,1.0,0.901554404145078,1.0,1.0,2.09,0.01,1.59,0.01,0.67,0.0,18.07,0.0,-49.71,0.27,75.824,0.2913,109620784826.3,108490510875.298,96087481254.4977,116404096608.124,1.15587302396512e-13,1.17393150985038e-61,0.0,1.05256043949189e-20,0.1575520547686046,0.0040975121547746,2.6459643666995407,0.025122267454753,78.26828884311081,78.32344161163766,77.00473532108632,77.00473532108632,1.5357838241170445,0.2,0.0628692040630295,0.0015502842005057,193.98178664615423,45.8644303974644,88.10008689420127,0.045856908198221,0.0160899276876573,168.76611780332385,14.595275262651016,106.46712708455736,0.9560942608024336,0.3244196916092214,16505.285,2.0540894486708215e-16,7.366313361810377,0.2375781909902734,173649.34,1.5042454819149783e-16,4.530536214166085,0.282326418258343,89872.664,1.787572492745085e-16,1.0,1.0,1.0,9.73212,0.193272,0.0,7.97798980443149,1,1,1
3,1203040085,6,40.5,85.5,175.355982,0.627485,0.3124,4,19.269,18.641,1.092,2.942,0.703,164.36,0.672699441646158,0.614228065805519,0.536103766758851,0.476963254519314,1.0,0.872340425531915,0.136363636363636,0.0319148936170213,0.91,0.01,3.25,0.03,0.72,0.0,18.58,0.0,-87.92,0.34,10.163,0.3124,170317540589.95,153132979378.411,137216262112.592,170596883285.034,0.0,2.36535370321778e-20,2.00302508323971e-109,1.61437922973667e-05,0.0457478040155126,0.0081305732331106,3.085859063944384,0.7133747762486672,39.68210602917885,41.37737951067382,39.63519007209544,39.63519007209544,0.1771670305667488,0.31,,,,,,0.057823906664274,0.0147231051266452,229.93567925786076,15.084091917281784,252.2333965721696,inf,inf,265.971,inf,0.00196909537939,0.014808247877622,360.073,7.981037831472328e-18,0.2596628594235911,2.1286481292090165,330.3189,1.1472539755890473e-15,2.0,1.0,2.0,,,-99.0,11.88686989812602,1,1,0
4,1203070184,3,70.5,184.5,175.354316,0.632985,0.3084,4,18.831,18.23,1.348,3.622,0.851,82.24,0.672699441646158,0.614228065805519,0.536103766758851,0.476963254519314,1.0,1.0,0.0,0.0,1.62,0.01,4.36,0.03,0.92,0.0,18.02,0.0,-76.19,1.0,20.799,0.3084,269252737820.791,141997282866.617,78792643773.7173,233233528276.463,0.0,7.44133464990344e-41,0.0,4.76244573821982e-07,0.0319755689540418,0.0063200343663229,3.339671579407393,0.3420171099717384,69.78835700270815,71.2862392170383,69.09043924617254,69.09043924617254,0.7889266326233391,0.14,,,,,,0.038641081232784,0.0110566782846172,76.0542018339952,23.004014632903075,227.9168959247704,,,0.0,,1.0106835911990845e-06,7.597463819623795e-05,26.522013,4.2183755451266616e-20,0.0,0.0,0.0,0.0,0.0,1.0,0.0,,,-99.0,7.871247625596475,1,1,0
5,1203195161,10,195.5,161.5,175.347371,0.631707,0.2788,4,19.161,18.802,1.69,3.295,0.852,61.11,0.672699441646158,0.614228065805519,0.536103766758851,0.476963254519314,1.0,0.973214285714286,1.0,1.0,1.54,0.01,0.96,0.01,0.84,0.01,18.89,0.01,51.65,1.61,127.54,0.2788,52913363821.5397,58385674640.2829,52872761696.7724,64433537039.9584,2.44200277485718,2.07243605913041,0.680522770453648,3.65298566176319,0.1912185819172927,0.0070042099752191,2.40658135735203,0.0521274077095548,64.65618685847693,64.50002884491933,64.35340558601209,64.35340558601209,0.5150707872567396,0.59,0.0119134941745971,0.0018298127999339,141.11112861061395,50.66866704150641,42.63943315092343,0.0663869899984323,0.0229058329784293,100.81068506487652,9.192428575109789,48.75764752043517,0.4180256483071276,0.1374132538579825,10871.052,9.620922764602375e-17,2.646676011009093,0.1071605283575207,88259.85,7.502792764133339e-17,1.7553475700623289,0.1230158567267103,50991.676,8.612895940971264e-17,1.0,1.0,1.0,2.74486,0.0393967,0.0,6.913295323142174,0,1,1
6,1203196196,2,196.5,196.5,175.347315,0.633651,0.3094,4,18.005,17.415,1.911,5.227,0.755,82.12,0.672699441646158,0.614228065805519,0.536103766758851,0.476963254519314,1.0,1.0,0.0142857142857143,0.0172413793103448,1.91,0.0,2.69,0.0,0.92,0.0,17.31,0.0,78.54,0.38,10.387,0.3094,596958081335.927,370660039709.239,293581655607.018,586761915994.57,0.0,5.4016233702973e-164,0.0,2.62415129531881e-16,0.0200046344217425,0.0044105969483161,3.412782516675368,0.0110367480111641,117.45362570127251,117.45381083893064,117.1849627557535,117.1849627557535,0.4255891238688022,0.26,,,,,,0.0288105251755572,0.0091365269898698,39.4947917483097,24.63954103146692,308.29997689616994,,,0.0,,0.0004581915286437,0.0078404104493261,247.16145,4.320865806718552e-18,0.0008169089721007,0.0227291277029577,152.00693,1.2526067524524927e-17,0.0,2.0,2.0,,,-99.0,9.342054968967108,1,1,0
7,1203230310,5,230.5,310.5,175.345426,0.639985,0.3111,4,19.772,19.2,0.95,2.343,0.748,143.92,0.672699441646158,0.614228065805519,0.536103766758851,0.476963254519314,1.0,1.0,0.0,0.0,0.73,0.0,2.76,0.02,0.73,0.0,19.16,0.0,-31.21,0.35,12.257,0.3111,70393992870.3184,58785701029.3613,49073315600.5314,66868504678.1752,8.30387462553368e-37,1.33414983867138e-212,0.0,1.32457795506043e-23,0.0208831882001368,0.007894137754566,2.871878172412523,0.024477705252659,57.67379532430678,57.73039529679508,57.68539294122159,57.68539294122159,0.0146166920080851,0.12,,,,,,0.030541769181538,0.0090085444120432,120.01206940277072,23.75900114811972,162.70628103677143,,,0.0,,0.0,0.0,0.0,0.0,,,0.0,,0.0,0.0,0.0,,,-99.0,10.929821454297628,1,1,0
9,1204198199,3,198.5,199.5,175.661154,-0.794235,0.3156,4,18.865,18.372,1.99,3.837,0.691,174.34,0.690628361855406,0.649325664951049,0.588130128208612,0.540102490444898,1.0,1.0,0.67948717948718,0.919354838709677,2.04,0.02,1.35,0.01,0.63,0.0,18.33,0.01,-1.95,0.49,198.831,0.3156,88212257574.5701,95523329996.6036,86750154341.8743,111157117201.176,15.6759417128901,7.97834814210322,1.6919344868468,16.2697104658587,0.084427975822858,0.0043728686092956,2.475823599811429,0.0195561243297745,65.84079667393021,65.69021173441377,65.22129539620659,65.22129539620659,0.9957219099332194,0.38,0.0262572962050553,0.0032955063121102,245.79390949851748,13.368298934543583,93.17988443416984,0.0361641063072178,0.0069812319779924,216.92211687068837,12.179526116771155,117.65815955080367,0.7465236624353467,7.536329510662749,765.1166,3.9672356594908646e-15,2.852698179806541,0.3755138562846513,58677.793,1.9767606487715615e-16,1.2957390658694543,0.4531268721040922,22087.25,2.3853270783098016e-16,1.0,1.0,1.0,2.32432,0.0964196,0.0,6.952872916822737,1,1,1
10,1205093221,2,93.5,221.5,178.085597,-0.82547,0.291,4,19.186,18.634,1.207,3.499,0.73,12.65,0.621121643587341,0.585630337568697,0.529870547755623,0.48802634487448,1.0,1.0,1.0,0.741379310344828,2.24,0.04,7.61,0.07,0.63,0.0,18.27,0.01,11.54,0.15,20.442,0.291,94849430184.3496,92949339385.0266,67192885428.4465,111636642710.217,0.276719035219222,0.0045297486710941,7.424357500286519e-36,0.543365080334275,0.0269811048635452,0.0063441319195077,3.3970384821645268,0.0082222494896927,77.08684335595726,76.91896392875638,77.18191498806009,77.18191498806009,0.4442019874948094,0.06,,,,,,0.0397978908412099,0.0107747318354674,32.34969161367565,27.250075473020352,197.74362998414924,25.552828274099728,26.643000070220584,1709.6273,1.6909202499571733e-14,2.323851119652371,0.8475431848416284,4887.5596,5.379003603891218e-16,6.021978402246943,2.5832786378522647,4155.4067,1.6394993613757898e-15,2.0,2.0,2.0,0.309498,0.0704316,0.0,6.188761672386602,1,1,0
11,1205197197,3,197.5,197.5,178.079819,-0.826803,0.2912,4,18.587,18.115,1.725,3.466,0.931,43.35,0.621121643587341,0.585630337568697,0.529870547755623,0.48802634487448,1.0,1.0,1.0,1.0,1.73,0.01,1.3,0.01,0.93,0.0,18.07,0.0,7.04,1.97,140.122,0.2912,23213531379.3971,43335621388.2104,26166830928.7183,81455900290.0775,0.215466904508837,0.939869324850763,5.06848116030921e-05,50.647819227429,0.0960780895760329,0.0040464329540977,2.496297781666893,0.0716859177852865,70.97772449809113,70.70048022320233,71.03469870745798,71.03469870745798,0.0867979159963197,0.13,0.0094314318904452,0.0009558146231398,263.358740191644,39.39274033063993,63.696919580267576,0.0213140815142968,0.0054845565087474,250.28581523755636,15.262439183425426,84.27781339979192,0.5794275718901938,0.2319782954968488,11050.397,1.4699481216188684e-16,4.091997623605329,0.1913658388665113,94601.29,1.2126041998082893e-16,2.080097536586587,0.2027496156927016,45388.91,1.2847383679068486e-16,2.0,1.0,1.0,4.28922,0.0967305,0.0,7.962317225939657,1,1,1
12,1206110186,3,110.5,186.5,180.166761,-1.452576,0.2671,4,18.074,17.492,1.643,5.535,0.801,110.64,0.609172793543294,0.576092976963064,0.520148931617408,0.476961623112236,1.0,1.0,0.0,0.0047619047619047,1.81,0.0,4.12,0.01,0.85,0.0,17.38,0.0,-49.66,0.16,12.657,0.2671,291456528956.193,302119660993.147,244161756867.685,363532075646.397,4.6528688332547604e-14,5.77113317447296e-142,0.0,2.7860514831818403e-09,0.023513055002961,0.0028720288711532,3.761929195336171,0.0213467471488541,96.61352515572452,96.8802449197772,96.98225426241817,96.98225426241817,0.3704480981064535,0.42,,,,,,0.0287277796222998,0.0081662512772516,27.19029458866741,29.928232959460637,259.1417676597167,,,0.0,,1.564001399714336e-05,0.0006681695550647,69.28003,5.159645127765893e-19,1.15094937092131e-05,0.0018542352685179,18.371685,1.4318515257722713e-18,0.0,2.0,2.0,,,-99.0,9.96777682952686,1,1,0
13,1206196198,1,196.5,198.5,180.161982,-1.451909,0.3263,4,18.287,17.686,1.713,5.714,0.909,83.79,0.609172793543294,0.576092976963064,0.520148931617408,0.476961623112236,1.0,1.0,0.0,0.0172413793103448,3.03,0.03,6.55,0.03,0.79,0.0,17.4,0.0,64.05,0.18,24.326,0.3263,245717299927.369,278693999341.451,244322831433.766,378604174931.01,5.5219436452781e-31,3.74430705705936e-21,2.98117746930866e-48,3.7498951732219105e-09,0.0318811944881794,0.0035214428591703,3.9734597010218007,0.0076492023937403,104.26569480282824,103.57295914236464,104.25780702396276,104.25780702396276,0.1083721137872772,0.4,,,,,,0.0366711392037335,0.0088989661886246,238.5699073187094,25.97531140130248,250.37674729518213,,,0.0,,0.0001883411487033,0.0043285718851172,141.16902,2.1093757963846453e-18,0.000135680532884,0.0087660363368098,50.21727,4.271816518208103e-18,0.0,2.0,2.0,,,-99.0,5.699254127051548,1,1,0
14,1206276211,4,276.5,211.5,180.157536,-1.451187,0.2682,4,19.049,18.484,1.211,3.713,0.919,112.64,0.609172793543294,0.576092976963064,0.520148931617408,0.476961623112236,1.0,1.0,0.0,0.0,1.4,0.01,4.75,0.02,0.9,0.0,18.32,0.0,74.83,0.57,12.742,0.2682,162311064536.17,125238468893.042,102232297681.126,162004172289.713,6.251930501007231e-15,0.0037928889814896,5.61958761845834e-11,0.208947439553469,0.0228151082415015,0.0050010795364136,3.534239929658235,0.0177276289138666,79.10864149498532,78.45050770666484,78.76080815423666,78.76080815423666,0.3605897654707162,0.43,,,,,,0.0337804471265113,0.0096218606294555,78.26129055532328,26.42628829871672,205.1972598807651,,,0.0,,1.1823495053308565e-07,8.55444985645396e-06,19.325932,6.5441460810257204e-21,0.0,0.0,0.0,0.0,0.0,3.0,0.0,,,-99.0,8.111181140966167,1,1,0
15,1207128248,3,128.5,248.5,182.0037,-2.480786,0.3209,4,19.89,19.455,1.473,3.26,0.553,171.69,0.622195799268185,0.572979659038787,0.508187688681967,0.461776987584158,1.0,0.917647058823529,1.0,0.823529411764706,1.39,0.01,1.81,0.02,0.53,0.0,19.42,0.01,-15.73,0.26,62.065,0.3209,74405862212.9669,78883369547.1631,58666297191.5619,98594028559.2063,1.81270819031013,0.227676206560697,1.45151753941555e-05,3.8556896287143,0.1640141179928796,0.0203714259740201,2.772621701091793,0.0152149319355316,61.96669632606897,61.87164848177859,62.29486102484645,62.29486102484645,0.8703286140082288,0.3,0.1024777185070516,0.0019550220583487,182.28947519688828,54.88784968056814,176.7984297778375,0.0407129310786532,0.013792311910038,121.43381199517988,13.675521000991164,134.0494056636717,1.5251919831759164,0.2511722190433176,22220.445,1.272238058120048e-16,2.403901696317053,0.175878279033123,50015.47,8.908590330366375e-17,2.1542645029359684,0.1873849675661471,42069.188,9.491427362678538e-17,2.0,2.0,2.0,2.51923,0.071018,0.0,6.840858853911172,1,1,1
16,1207197197,1,197.5,197.5,181.999863,-2.483619,0.3205,4,18.9,18.506,1.756,4.729,0.589,58.48,0.622195799268185,0.572979659038787,0.508187688681967,0.461776987584158,1.0,0.902542372881356,1.0,1.0,1.41,0.01,2.42,0.02,0.65,0.0,18.59,0.0,33.91,0.32,86.007,0.3205,96305318114.2631,281652706137.843,137854881335.521,412955691198.353,6.32224844519189,118.556626355761,56.4781447123388,165.43549152674,0.2666123966587716,0.0103429903370848,3.603857939196149,0.0135368700776209,107.00782949241336,107.0869821112934,106.5348504428648,106.5348504428648,0.5315603261770545,0.21,0.0552440894175067,0.0060891183639198,67.74142719682263,38.99632213960896,157.54149270566953,,,49.75817344965492,18.46938299669124,119.77413386778076,1.7685509551099394,0.2187177299506488,38673.812,1.111052565104522e-16,5.47481324276269,0.2645305587441705,98986.7,1.3437747177952144e-16,4.621425819630369,0.2692417151702205,82095.06,1.3677066707875602e-16,1.0,1.0,1.0,5.96689,0.211123,0.0,9.399221710512517,1,0,1
17,1208197197,1,197.5,197.5,184.971649,-2.481029,0.3,4,18.36,17.82,1.256,4.312,0.721,47.37,0.676138279496063,0.640464578903108,0.588886999929458,0.549779090424814,1.0,1.0,0.133333333333333,0.0967741935483871,1.27,0.01,5.25,0.04,0.82,0.0,17.7,0.0,40.99,0.41,39.918,0.3,235147751289.315,184701255555.035,171137920416.542,221625380781.93,1.36320780610972,1.4087362679797,0.270236017382809,2.32049143531725,0.0708919370513224,0.0080657485360187,3.631509210524971,0.016844677841498,87.07648858585937,87.41556240927254,87.26578183800358,87.26578183800358,0.192205148819053,0.17,,,,,,0.0249200526264699,0.006427967891238,130.558429457156,38.47563504854265,206.213603165982,inf,inf,217.15735,inf,0.0169822264525512,0.0697969471042712,470.13696,4.1300621656400763e-17,0.0607474077073906,0.3920041236032739,299.43552,2.3195876995165925e-16,2.0,1.0,1.0,,,-99.0,12.662509781417056,1,1,0
18,1209131247,6,131.5,247.5,185.602194,-1.377202,0.2954,4,19.643,19.159,1.129,2.546,0.667,102.72,0.615920744566381,0.572139905494339,0.508534358210208,0.460650698299677,1.0,1.0,1.0,1.0,1.05,0.0,1.81,0.01,0.52,0.0,19.14,0.0,-83.4,0.18,25.546,0.2954,117993043157.431,93549582200.0073,72308704358.6012,116315212158.878,32.4361985752424,29.5761079942592,13.1495377907567,39.5065461257766,0.0645627240572329,0.0061965198741464,2.6868197179477726,0.1036607155853091,52.93965839402961,52.88708959849292,52.82507159444246,52.82507159444246,0.1154397744950073,0.09,0.0252945895316983,0.0031826541315895,180.04503532475607,32.40453238958193,93.37793612396273,0.0516946679887495,0.0115878512938835,136.1230863033388,17.200605728057397,119.4794275926256,0.2500898642856001,0.1113249835931012,4477.807,6.825809955307163e-17,2.1901743903994464,0.1174067837145712,37183.258,7.198711082039432e-17,1.2580995053633357,0.1101871855866425,22758.615,6.756046702630648e-17,1.0,1.0,1.0,2.85206,0.131982,0.0,10.03926853618609,1,1,1
19,1209197197,2,197.5,197.5,185.598526,-1.379979,0.2954,4,18.877,18.366,1.602,3.28,0.784,156.12,0.615920744566381,0.572139905494339,0.508534358210208,0.460650698299677,1.0,1.0,1.0,1.0,1.82,0.01,1.9,0.02,0.64,0.0,18.28,0.01,-30.58,0.46,176.302,0.2954,143777376216.764,184369420608.634,139443581947.226,215318098869.259,1.22811542450774e-10,4.9348701328814815e-09,1.8184701430429096e-56,6.00552608741488,0.1038815118563905,0.003991419467944,2.661638425341354,0.0291895891736522,64.32671387273967,64.19154428504574,64.29632300071432,64.29632300071432,0.1370553012970316,0.22,0.0096349201057193,0.0023891128017065,261.4051004116348,14.472790907850191,99.7242258757099,0.0255269289452806,0.0085005143896374,233.9713949109908,18.284147684040352,126.33614331347312,3.789291862292291,6.499360758164559,2831.2427,3.985035518025584e-15,5.8785811197962925,0.4599360521933919,62067.57,2.8200642681800315e-16,2.2047739379090565,0.4281946863328989,25004.172,2.62544440470221e-16,2.0,1.0,1.0,4.14242,0.15747,0.0,7.990717963984146,1,1,1
20,1501176107,4,176.5,107.5,212.30645,1.778244,0.3086,4,18.71,18.145,1.355,3.961,0.747,162.11,0.612897444167524,0.577237095458965,0.519972599920906,0.473332005149774,1.0,1.0,0.05,0.147887323943662,1.29,0.01,3.0,0.03,0.62,0.0,18.2,0.01,-19.5,0.24,110.853,0.3086,230284380271.939,195493280095.85,146078458730.373,224366889162.042,1.35381905846229,0.022399181416825,1.3689645696650302e-85,0.526717365965161,0.2336603261436632,0.0062784517244744,3.3080285310064133,0.0162022095728976,74.86826719219565,75.21598485551684,74.28867401612221,74.28867401612221,0.8900969227216705,0.26,,,,,,0.0464584005359707,0.0115131803582398,138.5199618717781,23.46124835489214,233.35566651232597,,,0.0,,0.973849108522858,1.0626671917063184,1891.7493,5.891476841754564e-16,6.333546891785433,8.94588767222173,1461.4795,4.959642159009791e-15,0.0,2.0,2.0,,,-99.0,11.423012990386736,1,1,0
21,1501196198,3,196.5,198.5,212.305338,1.783299,0.3092,4,18.311,17.713,2.309,6.545,0.723,139.85,0.612897444167524,0.577237095458965,0.519972599920906,0.473332005149774,1.0,0.833333333333333,0.0094339622641509,0.0096618357487922,2.59,0.04,3.67,0.04,0.82,0.0,17.59,0.01,-35.01,0.8,172.315,0.3092,154681183568.621,173382837113.441,153427538154.726,199651318282.673,2.17345517695842e-267,5.8657827844153407e-67,0.0,7.01715756508986e-08,0.0606143861036431,0.0030892443600718,3.6102194885134646,0.0743318611199746,106.07602302860508,105.80161053950236,106.75646381121052,106.75646381121052,0.6805315600752949,0.27,,,,,,0.0600044301745431,0.0216246750500694,43.97526310001143,17.76783749552657,247.7909144663135,inf,inf,68.963394,inf,0.0002133995562695,0.0056918834518724,176.33397,3.1414932429938066e-18,9.138748212083103e-05,0.0044329606656256,96.95971,2.446662180501797e-18,2.0,1.0,1.0,,,-99.0,6.315585510572302,1,1,0
22,1501224275,5,224.5,275.5,212.303782,1.787577,0.311,4,19.783,19.183,0.947,2.578,0.787,164.31,0.612897444167524,0.577237095458965,0.519972599920906,0.473332005149774,1.0,1.0,0.944444444444444,0.571428571428571,0.76,0.01,3.06,0.03,0.81,0.0,19.15,0.0,15.92,0.68,23.96,0.311,30364607619.076,48190591800.7137,30681828657.6427,98273127126.0895,2.34052610541284,4.76524145837734,6.1902551742344e-40,27.8111597476068,0.0520939281717684,0.007120016898418,3.042210674557178,0.0278938942852844,54.209931747431966,54.42476309040619,54.39412700139887,54.39412700139887,0.1942118813755813,0.26,0.1461982273385798,0.0306312390899738,138.96772682586857,25.56047369644897,164.4662278766863,0.0283458451101621,0.0085370487743783,69.36678149615206,22.33449829683215,165.613540210858,0.5734110413476429,0.2264805596707121,3327.9194,1.2333647547981978e-16,1.8348786749742807,0.3856468632783651,6253.962,2.1001504484869208e-16,1.678727604057853,0.3628348975009635,6081.474,1.9759213551889486e-16,1.0,1.0,1.0,,,-99.0,10.46556234861494,1,1,0
23,1501339278,9,339.5,278.5,212.29739,1.787744,0.3096,4,19.886,19.286,0.846,2.188,0.82,120.88,0.612897444167524,0.577237095458965,0.519972599920906,0.473332005149774,1.0,1.0,0.0714285714285714,0.0178571428571429,0.73,0.0,2.52,0.01,0.64,0.0,19.26,0.0,81.59,0.16,4.307,0.3096,12744712343.6516,25675447575.4361,14481535253.7537,33268088591.1912,2.51831797240721,5.36765238305488,1.48772405213025,8.2630532412424,0.0459685258709181,0.0085628290592013,2.8704463341437987,0.0064652937077473,56.87142562986679,61.46629468008611,56.68195221601336,56.68195221601336,0.1924345255790433,0.06,,,,,,0.0368617945086303,0.0099743392073841,208.59192165304623,18.28346277600346,197.19445486207988,0.0001576825117006,0.0024110861692152,58.359417,1.32677397978948e-18,3.770742214115679e-05,0.0005765753159354,58.359417,3.1727821939314965e-19,0.0001576825117006,0.0024110861692152,58.359417,1.32677397978948e-18,1.0,2.0,1.0,,,-99.0,11.241595025529373,1,1,0
24,1502197197,2,197.5,197.5,212.63269,2.560971,0.2961,4,18.636,18.036,1.371,4.276,0.62,140.81,0.574015557139538,0.530238547790088,0.468300677296959,0.424455039448311,1.0,1.0,0.416666666666667,0.128378378378378,1.49,0.01,3.59,0.01,0.47,0.0,17.97,0.0,-39.15,0.07,17.816,0.2961,286146676870.054,200915195545.73,182850591352.336,225403334710.229,1.3039602250088899e-18,1.33578982023527e-21,4.44799287655915e-132,1.85634233776032e-05,0.0224398491424755,0.006226857187839,3.345331315758216,0.0072378102390065,87.68666313678538,87.90227195619511,87.55898664237039,87.55898664237039,0.1549186076337486,0.16,,,,,,0.0346886908166695,0.0095805564714992,194.3349202856733,27.42479942759317,255.45886110909936,inf,inf,1396.3042,inf,18.251963981849933,22.45878896239112,1773.8682,1.3695689456951899e-14,inf,inf,1671.3936,inf,2.0,2.0,2.0,0.11514,0.0294583,1.0,12.297249568181313,1,1,0
25,1502277280,4,277.5,280.5,212.628242,2.565582,0.2953,4,19.809,19.27,0.794,2.463,0.835,112.49,0.574015557139538,0.530238547790088,0.468300677296959,0.424455039448311,1.0,1.0,0.333333333333333,0.16,0.72,0.01,4.3,0.04,0.53,0.0,19.23,0.0,-75.39,0.14,9.898,0.2953,16151788013.6435,23816000787.0854,17403265510.3996,34759801500.436,0.0004607462507104,0.0011472893499046,1.68737221926768e-18,0.199527816158054,0.0374721436462182,0.00943483809596,3.1463675409623986,0.0431127100827432,55.05391708172572,54.78320575955094,55.09349197766306,55.09349197766306,0.0608374621983173,0.11,,,,,,0.046138792159823,0.0174903130697034,96.7979412934968,22.598165121048407,163.84366699975453,inf,inf,139.33745,inf,0.0073717855951443,0.0190526239309378,354.06635,1.1691075925182377e-17,0.0350022999507486,0.0980196382140151,326.77606,6.014683524289512e-17,2.0,2.0,2.0,,,-99.0,12.760149357424677,1,1,0
26,1503197197,2,197.5,197.5,213.618958,-0.415222,0.2875,4,19.408,18.814,1.049,3.099,0.91,87.25,0.613778016046624,0.568136536545443,0.501603731280388,0.452662906047908,1.0,1.0,0.1,0.0238095238095238,0.97,0.01,3.53,0.03,0.92,0.0,18.75,0.0,-48.35,1.59,23.954,0.2875,88946374438.4572,81276942588.4171,72790667298.0341,90000438186.9672,8.85404432622689e-07,2.97029632580364e-08,3.50533255904053e-25,0.003137014409275,0.0220523079740051,0.0062219099692582,3.251604462680444,0.175592823845034,74.03670078624687,73.92348537320397,74.10009328142432,74.10009328142432,0.0716930220108748,0.18,,,,,,0.0479042364481101,0.0145043869892724,71.08396543508279,18.73568434473463,195.8280597340224,0.0009583460564278,0.0198503345201784,79.22966,1.2953050160741816e-17,3.193244372719313e-05,0.0003995464085831,131.15903,2.6071825976841773e-19,2.5251723930287484e-05,0.0005230419261031,79.22966,3.41303482724608e-19,3.0,3.0,3.0,,,-99.0,9.515120130404698,1,1,0
27,1503208231,3,208.5,231.5,213.618346,-0.413333,0.2887,4,19.549,19.074,1.255,2.363,0.698,167.37,0.613778016046624,0.568136536545443,0.501603731280388,0.452662906047908,1.0,1.0,1.0,1.0,1.18,0.0,0.8,0.01,0.65,0.0,19.14,0.01,-11.59,0.6,51.109,0.2887,47852842171.8882,49162374042.2657,42241592606.1358,58075076647.7071,6.16710487348341,1.60734298789186,0.0352261707860814,6.114963781551,0.1485078890555833,0.0067091374540329,2.253808320305069,0.0244930891405731,39.97692124332886,40.5341473831771,40.06014779079117,40.06014779079117,0.3427317057876002,0.41,0.0510998583214206,0.003775468430541,151.93085532515622,46.14282309034307,80.54286285031985,0.0574123193905799,0.0154558509178157,137.379413535568,14.041933745537431,85.88536419488335,0.2706466510921404,0.1383731377365815,5158.4146,8.943439108027357e-17,2.543583014611353,0.1097297517516329,61134.574,7.092137745679272e-17,1.3500764039043451,0.1113198783925008,31985.342,7.194912034239005e-17,1.0,1.0,1.0,2.4745,0.0609438,0.0,8.799104055360813,1,1,1
28,1505197196,1,197.5,196.5,214.658035,-1.718046,0.3169,4,19.455,18.817,0.935,3.106,0.912,85.65,0.665988167019947,0.624043421142827,0.560061082573324,0.508536010307666,1.0,1.0,0.0,0.0,0.87,0.02,5.93,0.15,0.8,0.01,18.72,0.01,-60.75,1.2,82.324,0.3169,141308644321.366,159489150682.268,142700641149.059,171126419108.743,0.0686980366613462,0.600446871103705,0.106661195940172,2.30689801774031,0.0230668584436904,0.007069635556858,3.4161312793680043,0.2045168857779425,68.29630671549886,68.50974212469868,68.25802504539872,68.25802504539872,0.11164938046203,0.2,,,,,,0.0328628351568388,0.0102337392624509,129.708809623827,26.40818026542803,217.4665801170601,,,0.0,,0.0,0.0,0.0,0.0,,,0.0,,0.0,0.0,0.0,,,-99.0,10.962447090990775,1,1,0
30,1506211197,1,211.5,197.5,215.288599,1.623521,0.2963,4,19.265,18.643,0.99,2.885,0.892,88.99,0.636032959683653,0.58996464212733,0.522261414069197,0.471807722397973,1.0,1.0,0.05,0.0416666666666667,0.92,0.0,4.02,0.02,0.77,0.0,18.57,0.0,70.72,0.27,8.489,0.2963,210209304070.89,190570519359.918,157945650969.181,217808346250.227,0.185761011193574,0.68220145428165,0.0778261191757487,4.39180402884422,0.0415706609079309,0.0066426194673298,3.278469843309753,0.0084453664461002,75.33662183448237,74.77432180490729,75.37337961396265,75.37337961396265,0.0645439912818169,0.19,,,,,,0.0227954794785152,0.0078639801322651,293.5612912951244,21.876643591414297,194.8404701394816,inf,inf,75.193275,inf,0.007558217888068,0.0422068077912269,277.7459,2.5698370843111278e-17,inf,inf,130.50766,inf,2.0,2.0,2.0,,,-99.0,11.469054122436273,1,1,0
31,1506279269,5,279.5,269.5,215.28482,1.627521,0.2966,4,19.557,19.136,1.62,3.807,0.819,109.51,0.636032959683653,0.58996464212733,0.522261414069197,0.471807722397973,1.0,0.849514563106796,1.0,1.0,1.98,0.02,2.18,0.03,0.59,0.0,19.04,0.01,-54.88,0.41,42.896,0.2966,52903634103.5158,54567638897.6479,36185117930.1275,64161760771.4322,3.12320663103216,0.751189154692799,1.69650891789016e-06,3.4440455423922,0.1216596600309588,0.0052709188496292,2.673834952457158,0.0443602001761827,75.31572348600092,75.47702392486599,75.45553494439943,75.45553494439943,0.2741894740339534,0.19,0.029443225057095,0.0052844175037453,202.59546045934272,49.28371494790609,77.30453376055083,0.0745271002893993,0.02253331661331,153.11407351831542,10.056792751208809,98.87796669149373,0.8314160413564113,0.2035562853254963,14832.74,1.236507248510717e-16,3.104646615970241,0.1904565005775834,59197.57,1.1569323104594402e-16,1.4461975292642062,0.1761011426178245,29823.111,1.0697303646004658e-16,1.0,1.0,1.0,3.02747,0.0667532,0.0,5.6040391368700275,1,1,1
32,1507084083,4,84.5,83.5,215.626838,0.401127,0.2581,4,19.651,19.388,1.066,2.973,0.603,163.83,0.660450728460671,0.62512838458831,0.573599634380519,0.536029848772468,1.0,0.833333333333333,1.0,1.0,0.71,0.0,1.76,0.02,0.49,0.0,19.55,0.0,-60.56,0.22,22.64,0.2581,5462491534.66416,6237497562.4166,5251699348.80089,8618548256.00273,1.4619031279487,1.08475158591872,5.16359467136772e-07,1.94337003940743,0.2268234859812611,0.0111241591915444,2.9214029638677363,0.0311826740695824,74.68251517016935,74.69790073243911,75.25089161076595,75.25089161076595,1.16767364555028,0.14,0.0612499703811157,0.0037680981496553,17.40137886923636,139.2142990843738,58.76910420623466,,,13.843970910488258,21.976682057953667,60.40969327466607,0.7150469461046239,0.0427040109334299,25495.09,3.565434085392086e-17,2.411459367126272,0.034221616062749,107292.68,2.8572237993647084e-17,1.9960872154758509,0.0372540572448722,81582.42,3.110407725566469e-17,1.0,1.0,1.0,2.52193,0.0196845,0.0,13.971116765713012,1,0,1
33,1507196198,3,196.5,198.5,215.620615,0.407516,0.3143,4,19.012,18.428,1.087,3.369,0.936,172.32,0.660450728460671,0.62512838458831,0.573599634380519,0.536029848772468,1.0,1.0,0.0,0.0,2.13,0.03,8.0,0.06,0.71,0.0,18.07,0.01,-21.56,0.25,33.207,0.3143,78443694673.4323,94399415330.577,77908193779.6415,119859086736.29,0.0028324082025469,1.34764893865989e-07,4.46121811540399e-44,0.0617590403412194,0.0296412921743066,0.0068125586957379,3.604413217498486,0.0188686440875768,80.87753685316271,81.23856888937563,80.91914453518515,80.91914453518515,0.6006062071931585,0.22,,,,,,0.0365768916563079,0.0122134951844424,88.00622118549835,28.821307481920968,211.6172033663605,,,0.0,,1.3497988398511448e-05,0.001170612601299,30.381107,6.221351019901465e-19,0.0,0.0,0.0,0.0,0.0,2.0,0.0,,,-99.0,6.479300480353312,1,1,0
34,1508197198,2,197.5,198.5,215.88356,2.714086,0.3157,4,19.448,18.875,2.124,4.206,0.356,21.65,0.581219910117881,0.544010293608881,0.484111038573954,0.440096941619674,1.0,0.691011235955056,1.0,0.932584269662921,2.24,0.01,1.05,0.01,0.24,0.0,18.88,0.0,20.16,0.07,52.022,0.3157,15321539454.6852,17192146218.2669,14140925886.5562,23898900828.4782,0.304407877807505,0.253255787082446,0.0002435925173283,1.21650201810856,0.1413805484234267,0.005670085295983,2.382880300405357,0.0030724623619118,71.80492367825804,71.40343802282092,71.74308429261252,71.74308429261252,0.071942062229313,0.23,,,,,,,,,,,,,,,,,,,,,,,,,,,,,7.622105272402205,1,0,0
36,1509199156,2,199.5,156.5,215.891155,2.640358,0.2828,4,17.434,16.841,3.133,9.328,0.683,77.04,0.568136536545443,0.529421636273212,0.46973746420017,0.426078839404535,1.0,0.923376623376623,0.0927835051546392,0.0298701298701299,5.04,0.08,5.25,0.04,0.77,0.0,16.54,0.01,73.41,0.37,238.839,0.2828,437974334209.415,432433625461.314,362881733193.532,474798570017.244,8.77027811532638e-06,1.25541253502412e-16,9.71736699727627e-102,0.0014526777902281,0.0270934564742407,0.0017690043306777,3.996561248575991,0.0130997195386167,150.72213380829447,151.34341430263274,150.6335712568626,150.6335712568626,0.1028278639010001,0.23,,,,,,0.0544478767891075,0.0198168294154817,100.45724947683912,25.95414121884089,291.0090686029251,,,,,,,,,,,,,,,,,,,5.340531559380877,1,1,0
37,1509231092,5,231.5,92.5,215.889375,2.636803,0.2806,4,19.788,19.281,0.826,2.304,0.826,12.35,0.568136536545443,0.529421636273212,0.46973746420017,0.426078839404535,1.0,1.0,0.0,0.0,0.75,0.01,4.37,0.05,0.68,0.0,19.18,0.01,19.88,0.43,29.571,0.2806,14636639847.2518,16287363340.272,13513438850.3984,32414732509.2671,0.0022490096260541,7.54815936471622e-07,1.0322374442719899e-22,0.0365021234364372,0.0589073960085939,0.0041848481697235,3.1875559728386578,0.0191876806600711,51.02430737881572,51.18224929740264,51.21701170783267,51.21701170783267,0.4995873083114418,0.54,,,,,,0.0335782595109889,0.0089035813316716,116.81851230274276,27.531525515885008,140.33021237760246,,,,,,,,,,,,,,,,,,,11.27390692874277,0,1,0
38,1511197198,1,197.5,198.5,216.571381,1.730855,0.2933,4,18.826,18.11,2.339,4.636,0.329,91.01,0.612857246078081,0.573599634380519,0.51320419774895,0.468058631318548,1.0,0.847222222222222,0.627450980392157,0.280092592592593,2.58,0.01,0.75,0.01,0.19,0.0,18.15,0.0,-89.51,0.05,112.549,0.2933,424686013375.159,448829989245.132,410731559957.963,491337179915.2,26.521650269014,9.00079173648109,1.84567193246944,30.4893753948917,0.0600124905173118,0.0049347132948148,2.252280822553039,0.325025062728488,88.41793173687878,88.30772493579919,88.42427426828306,88.42427426828306,0.0082808457497668,0.24,,,,,,,,,,,,,,,,,,,,,,,,,,,,,9.739004263940112,1,0,0
39,1511283231,2,283.5,231.5,216.566601,1.732688,0.2943,4,19.435,18.913,1.173,2.645,0.656,148.23,0.612857246078081,0.573599634380519,0.51320419774895,0.468058631318548,1.0,0.981132075471698,1.0,1.0,0.96,0.01,1.63,0.02,0.68,0.0,18.93,0.0,-50.82,0.57,121.351,0.2943,46059155108.3144,58032465744.5219,49756395662.4515,65488748603.6345,10.2151672842038,11.3369010042465,8.19725411937425,15.2110359730823,0.1081185553161316,0.0057377549611683,2.762897536762867,0.0569018177117527,50.23157632813111,50.46035732661525,50.42872402691528,50.42872402691528,0.3895176343965538,0.19,0.0252822574957517,0.0028401791954608,145.1490898172416,35.76383804946978,101.69722161442208,0.0371303741476043,0.0106561496434695,116.3296477255698,20.32149261834927,102.3246305497092,0.4348217705638019,0.1704531612555014,5338.7524,1.0541244403763236e-16,2.8915610257401547,0.1430348371615188,42308.156,8.845627535836514e-17,2.0036564563228407,0.1445210248213458,29015.215,8.937537050665698e-17,1.0,1.0,1.0,5.82567,0.224274,0.0,10.711928271185867,1,1,1
40,1512197195,1,197.5,195.5,216.586304,-1.717489,0.3206,4,19.518,18.894,1.046,3.005,0.759,32.47,0.598671323041469,0.554135543080064,0.48859443294264,0.441478064558102,1.0,1.0,0.0,0.0,1.18,0.01,5.93,0.03,0.66,0.0,18.71,0.0,20.0,0.22,16.445,0.3206,194944778699.899,167503024020.829,122106641805.164,216687391645.584,34.0134746080508,35.917180589844,24.7794892282431,59.3678591741494,0.0278180014573749,0.0078002908941314,3.3356758429064244,0.0100314480091317,75.99837345192589,76.33214760990137,75.8313413604911,75.8313413604911,0.289139010290294,0.16,,,,,,0.0425779021466982,0.0096428090677397,93.7092394376275,25.937466760513207,205.2668217422331,,,,,,,,,,,,,,,,,,,9.014250287518392,1,1,0
41,1523197197,2,197.5,197.5,219.540924,-1.099324,0.2807,4,18.509,17.93,1.371,3.983,0.952,66.17,0.657680840440533,0.621146239673491,0.564096296388285,0.516828595137324,1.0,1.0,0.0,0.0066666666666666,1.74,0.01,4.45,0.02,0.92,0.0,17.75,0.0,35.35,0.83,25.565,0.2807,184346702358.313,215123475533.611,181959448265.043,260552592332.969,8.92094835329702e-06,0.0078533028285833,3.6608090198228903e-19,1.86867778091784,0.0159978287085163,0.0047111055638687,3.553070012185493,0.0333649990765081,92.1281574927776,91.97437783494834,92.1736709820602,92.1736709820602,0.252544859871547,0.18,,,,,,0.0295460325845977,0.0099202450802378,43.85310668566902,26.78079157333805,187.6300239271464,,,0.0,,0.0044199761524593,0.1295056767437089,97.44438,8.927368525972074e-17,inf,inf,49.379356,inf,0.0,2.0,2.0,,,-99.0,8.349285773117987,1,1,0
42,1524197197,2,197.5,197.5,219.654114,-1.050075,0.3302,4,18.523,17.943,1.327,3.892,0.922,8.31,0.640218445241586,0.602146041059437,0.546173496934027,0.503457238154936,1.0,1.0,1.0,0.985507246376812,2.64,0.11,8.0,0.16,0.72,0.0,17.63,0.02,-48.85,0.47,158.303,0.3302,74734198414.049,83989584055.4414,72823957394.5922,97804687469.7078,32.6258475806076,23.1066732606749,15.4984825225676,35.2286589749216,0.0934876092118367,0.0038666085519906,4.023446265085698,0.0650356927229643,72.59173630853016,72.81692255309588,72.8147328344645,72.8147328344645,0.3474503924549991,0.08,0.0456413238904868,0.011096780606376,309.01160644189605,9.427447953953015,153.315003826355,0.0201929837419844,0.0077059741615897,279.99092132299785,28.60596118059858,173.9738128898311,,,,,,,,,,,,,,,,,,,6.074698377226817,1,1,1
43,1524243357,3,243.5,357.5,219.651558,-1.041186,0.3292,4,19.32,18.729,1.009,3.247,0.705,109.42,0.640218445241586,0.602146041059437,0.546173496934027,0.503457238154936,1.0,0.9625,0.0,0.0,1.42,0.02,5.72,0.04,0.9,0.0,18.32,0.01,-17.19,1.13,11.783,0.3292,50849387365.3191,57619341481.0577,46823511825.0732,81936671592.4354,26.3387378391231,0.00626361468232,1.4643660678314694e-28,14.8108602446975,0.5429685325871006,0.0283006746657488,3.508335559090192,0.0772173647446818,79.75248406183951,38.92908546148294,80.32146891936507,80.32146891936507,2.6683951913528503,0.13,,,,,,,,,,,,,,,,,,,,,,,,,,,,,6.947662124514264,1,0,0
44,1525170222,3,170.5,222.5,219.66866,0.335025,0.3199,4,18.873,18.239,1.314,3.86,0.768,154.99,0.706169490578691,0.661689577086997,0.600578164059923,0.554145796990953,1.0,1.0,0.0588235294117647,0.0220588235294118,1.44,0.01,3.92,0.02,0.54,0.0,18.2,0.0,-55.92,0.17,44.316,0.3199,301819867070.988,255603536494.182,192638281259.883,364904286065.741,5.92377447246385e-79,1.28492645320203e-37,2.59210036921618e-168,8.10218014973399e-08,0.0475060446025493,0.0049501234069062,3.363271311883349,0.0238651661213108,96.58465300450904,96.81239503481493,96.51745979726044,96.51745979726044,0.0713701457110523,0.34,,,,,,0.0323216392678293,0.0089671573425032,312.3548195420657,24.896610824123517,288.03755607046736,inf,inf,171.28284,inf,0.0097477719864537,0.1090734510096763,308.63776,5.564845713815492e-17,0.0229359925378685,0.3488547542038356,227.05739,1.7798308073182256e-16,2.0,2.0,2.0,,,-99.0,10.45997893011109,1,1,0
45,1525196197,2,196.5,197.5,219.667216,0.333636,0.3178,4,18.65,18.041,1.421,4.008,0.846,140.96,0.706169490578691,0.661689577086997,0.600578164059923,0.554145796990953,1.0,1.0,0.0,0.0,1.91,0.02,4.96,0.04,0.87,0.0,17.8,0.01,-37.31,0.77,53.511,0.3178,93535451565.1087,144197286111.44,105363062577.146,164267392626.93,0.452266502849637,0.492764475075566,0.0123390899176604,1.77536994345273,0.0367085252555941,0.0047245834689699,3.4403106061731576,0.0711535218135743,90.06953442752149,90.0732082766303,89.64945861801488,89.64945861801488,0.5502124991000721,0.31,,,,,,0.0396482505221183,0.0105449032999805,101.87045819714416,25.54115940195399,232.03884497469755,,,0.0,,0.0,0.0,0.0,0.0,0.0,0.0,0.0,0.0,0.0,1.0,1.0,,,-99.0,7.571650374870582,1,1,0
46,1526198197,1,198.5,197.5,219.826437,2.252998,0.3021,4,18.769,18.269,1.688,3.867,0.774,81.35,0.608283321759694,0.564013949786904,0.497989088452326,0.452030233465649,1.0,0.94954128440367,0.913793103448276,0.711009174311927,3.68,0.21,8.0,0.21,0.67,0.01,17.87,0.03,-67.57,0.66,189.11,0.3021,179905782687.624,164653541770.039,150838179980.435,220237244024.166,12.973081460724,12.4140993457189,4.09500801136083,23.7631988825371,0.1553540974676586,0.0132600751144083,3.589155261693961,0.1595613174125384,78.95486938759674,78.80709002278249,78.22553533627055,78.22553533627055,0.783949050149994,0.13,0.0377032125651158,0.0131818974532281,227.2400907123088,14.268105327039333,150.26312176266984,,,,,,,,,,,,,,,,,,,,,,,,4.689537997907347,1,0,0
47,1527196197,1,196.5,197.5,220.044138,-0.65662,0.2899,4,19.317,18.663,1.032,2.64,0.598,68.5,0.613142032812757,0.572642793002213,0.509924426983493,0.464006465427152,1.0,0.9875,0.25,0.1125,1.08,0.01,3.04,0.03,0.27,0.0,18.62,0.0,62.57,0.08,44.375,0.2899,208583388063.942,209071955516.34,190222706325.868,227969531424.992,4.829425375977e-14,0.0005031764698812,2.8057784080388e-15,0.0511900983695237,0.0707376438476706,0.0056270970567053,2.8701652606543293,0.0032809381199172,56.180022254060006,56.45085612056789,56.677861106359565,56.677861106359565,0.500048083051503,0.24,,,,,,0.0243707910236146,0.0098747346733722,157.14002082308238,27.206900702425077,175.42896511423663,inf,inf,131.87479,inf,0.0182233631583134,0.0621333676265456,400.01,3.9777918356409704e-17,inf,inf,370.5285,inf,2.0,2.0,2.0,0.0819532,0.0149589,1.0,14.61670866889079,1,1,0
48,1528197197,2,197.5,197.5,220.2323,-1.648061,0.3219,4,18.869,18.345,2.085,4.069,0.581,157.23,0.662378590074119,0.622168153242609,0.564138325748838,0.520026280394483,1.0,0.988439306358382,1.0,1.0,2.06,0.01,0.73,0.0,0.54,0.0,18.37,0.0,-24.9,0.17,77.264,0.3219,205544411468.966,268957811152.992,205727165510.414,304729131957.663,103.771716212935,59.477879278381,28.8524688905049,142.137747444972,0.140196435793771,0.0040978372987947,2.246429723285466,0.0084385397573379,71.7050356535512,72.37984912811928,71.7668693322348,71.7668693322348,0.1205638311317073,0.15,0.0280080167771528,0.0017990323766043,190.23873782452188,35.96703274625589,83.81921276918817,0.0465602873150462,0.0093802267463861,166.0927974202463,12.6952013406303,107.4399910604245,1.1837637738397335,0.6236555954194579,11788.711,3.136268931439362e-16,10.198980238514771,0.5226768123601992,121190.79,2.6284620226753917e-16,7.391202610545207,0.5935697733803691,77337.375,2.984971918102145e-16,1.0,1.0,1.0,9.53248,0.241236,0.0,7.569035572949562,1,1,1
49,1529198197,3,198.5,197.5,220.366888,-0.099516,0.3449,4,19.636,19.01,1.066,3.021,0.856,3.13,0.669658015381145,0.628080888292574,0.565366818271749,0.517193141989892,1.0,1.0,0.0,0.0,1.04,0.18,5.62,0.79,0.92,0.04,18.85,0.08,-10.02,13.46,2430.47,0.3449,148588464268.695,113618197400.039,92066096689.7279,142837158890.032,0.418499691430447,1.8221655726581401e-10,5.78471482605823e-36,0.0080036712005879,0.0400541831349338,0.0074129445222261,3.285138420833825,0.8039360096707049,69.93616420278465,70.51492414970829,70.19362763821951,70.19362763821951,0.7096163838689923,0.18,,,,,,0.0506659685354979,0.0133847434075558,35.34118469873661,21.140991890307347,188.07189118394876,,,0.0,,0.0,0.0,0.0,0.0,0.0,0.0,0.0,0.0,0.0,3.0,3.0,,,-99.0,8.107799746538626,1,1,0
51,1530197196,3,197.5,196.5,222.143845,2.94129,0.3096,4,18.78,18.158,1.061,3.525,0.746,104.6,0.585588809503333,0.548468429990449,0.488584729654547,0.44415520600675,1.0,1.0,0.0,0.0108695652173913,0.93,0.0,3.82,0.02,0.63,0.0,18.13,0.0,-84.82,0.13,19.561,0.3096,243633253485.157,201262047116.382,173505246643.628,232124168553.168,0.227063443706442,5.9999773154492e-05,2.64556951803654e-31,0.299240046877885,0.035002078452504,0.0052487352452526,3.365248174463229,0.1194650384798076,89.19945126917716,89.2745690211244,89.23740130097862,89.23740130097862,0.1579470125008357,0.25,,,,,,0.0145417788143705,0.0062948463694877,193.69763810734065,35.363776428731434,274.2602066792765,,,0.0,,9.678094523845238e-05,0.0034221648999835,42.080696,1.8831510054759764e-18,inf,inf,27.874905,inf,0.0,1.0,2.0,,,-99.0,15.140098912971776,1,1,0
52,1531194196,1,194.5,196.5,222.90367,-1.682174,0.3463,4,18.723,18.099,1.24,3.692,0.841,27.38,0.620042677674493,0.568691193744923,0.500024770757873,0.449051903751505,1.0,1.0,0.0,0.0564516129032258,1.7,0.02,6.01,0.05,0.79,0.0,17.87,0.01,57.28,0.32,39.383,0.3463,485616878894.937,422935321520.598,341641695538.393,498067731905.879,1.53336661667342e-44,1.8539023190073802e-25,3.84474233748908e-146,1.2867947871116e-07,0.0525041772982635,0.0044599727081381,3.553877804549294,0.0112550053071522,83.37740727912706,83.40560753086379,82.94780734390456,82.94780734390456,0.4295999375416867,0.28,,,,,,0.0223296465730729,0.0072463127871596,261.0899959265938,33.29122470370788,296.1952740161681,,,,,,,,,,,,,,,,,,,8.399072281896341,1,1,0
54,1533176049,6,176.5,49.5,222.97013,-0.15015,0.3145,4,19.888,19.374,1.368,2.597,0.602,153.52,0.572642793002213,0.536133123414348,0.478118191318244,0.436441140855001,0.973684210526316,0.513513513513513,1.0,0.837837837837838,2.17,0.02,1.13,0.01,0.24,0.0,19.17,0.01,-13.56,0.13,37.29,0.3145,125226188208.921,121292400539.55,105361008784.964,143729831623.558,30.6171707017994,38.3615714906712,30.4641796372889,46.9219037159932,0.4707729505130903,0.0267851821312728,2.4114665981158394,0.0070465649297802,46.99718480782397,48.85555094075798,47.31818659021653,47.31818659021653,2.0138220420457613,0.1,,,,,,,,,,,,,,,,,,,,,,,,,,,,,6.831838021817486,1,0,0
55,1533197198,3,197.5,198.5,222.968964,-0.141872,0.3154,4,19.274,18.721,1.28,2.947,0.57,5.4,0.572642793002213,0.536133123414348,0.478118191318244,0.436441140855001,1.0,0.992307692307692,1.0,1.0,1.21,0.0,1.83,0.01,0.49,0.0,18.72,0.0,4.18,0.1,40.596,0.3154,28121096657.2712,69335346098.2134,41728700951.5267,81576281503.4588,0.0002355941994345,4.1890251117486e-36,0.0,1.17347784390495e-07,0.0748274500468381,0.0053464212132485,2.7037309676058987,0.0047563233076769,61.340358760190206,60.965509286230045,61.26241170535427,61.26241170535427,0.1047561583680695,0.18,0.0338483334910718,0.0016965435046265,196.8116098740705,36.99162699720465,124.9912411013434,0.0335127095974749,0.0082360885347273,141.7464054350693,23.92335069564731,154.11568946601804,0.7832706738219756,0.3200417927808596,8152.964,1.6872181394517832e-16,5.588692571664055,0.294440717160442,63229.93,1.5522526438490831e-16,4.372794902946224,0.3282316635456678,44380.17,1.730394058428127e-16,1.0,1.0,1.0,4.54114,0.174139,0.0,11.012948186751169,1,1,1
56,1534149233,4,149.5,233.5,223.092557,-0.970167,0.3116,4,19.128,18.571,1.254,3.728,0.685,38.54,0.63252201087901,0.600142372174928,0.553404878495435,0.513961302379015,1.0,1.0,0.0,0.0079365079365079,2.14,0.32,8.0,0.67,0.6,0.01,18.09,0.06,48.05,1.37,1583.063,0.3116,95479916913.8639,123399694787.379,98877998756.2954,143103131641.017,5.93569761093193e-05,1.70067639026597e-10,4.00277414575163e-58,0.0065538713187033,0.155733363789561,0.0051561360459475,3.6713028499330527,0.0788869259868605,73.62160022421904,73.61220800219269,73.41149627012078,73.41149627012078,0.7607447806569193,0.57,,,,,,0.0287396585139372,0.0091619370987155,98.24531171431,31.026284465060524,227.3364055979208,,,0.0,,0.0001314996209136,0.002470196597581,70.61229,1.3392423279370222e-18,0.0,0.0,0.0,0.0,0.0,1.0,0.0,,,-99.0,6.426233079053381,0,1,0
57,1534176099,6,176.5,99.5,223.091056,-0.977612,0.3092,4,19.08,18.509,1.155,3.1,0.897,109.94,0.63252201087901,0.600142372174928,0.553404878495435,0.513961302379015,1.0,1.0,0.0,0.0,1.18,0.09,4.4,0.29,0.94,0.03,18.23,0.04,80.92,17.12,4728.853,0.3092,122300480050.32,139696238571.517,128075952954.086,153758509995.38,0.0081432238705708,0.040701133921269,4.86252144228223e-05,0.373263317550768,0.018365340986498,0.0049824726607658,3.4032103301820555,0.503392366166761,79.44040995135816,78.93964365901905,79.50677713504892,79.50677713504892,0.067341970834527,0.53,,,,,,0.016689745169979,0.0053842410456164,205.86780624199017,27.3298664770196,166.56617153076064,,,0.0,,1.5628954841819346e-07,2.051789044920353e-05,11.213621,1.1324338376158386e-20,0.0,0.0,0.0,0.0,0.0,1.0,0.0,,,-99.0,8.939220218217944,0,1,0
58,1534198197,5,198.5,197.5,223.089834,-0.972167,0.3129,4,18.531,17.933,2.324,6.102,0.633,24.27,0.63252201087901,0.600142372174928,0.553404878495435,0.513961302379015,1.0,0.727699530516432,0.0283018867924528,0.0140845070422535,4.04,0.31,5.46,0.22,0.5,0.01,17.53,0.04,35.61,0.53,1114.832,0.3129,366245932020.107,297042615362.828,252083422085.616,331996711712.935,8.572115897330721e-15,2.03556034521316e-10,7.37285691194877e-39,0.026332843385121,0.1647428425409875,0.0040741765243573,3.747406975827397,0.0687057992551917,99.000002341695,99.26090742799278,98.39938921430353,98.39938921430353,0.7337662428093795,0.47,,,,,,0.081256289581993,0.0231964153699963,54.66005696040145,17.862313624199533,250.3237433776897,inf,inf,233.07263,inf,0.0008582376061826,0.0120511756789444,406.373,6.471138815706632e-18,0.0060968498122716,0.1097801830588691,316.9044,5.894883808131902e-17,2.0,1.0,1.0,,,-99.0,4.873120350415082,1,0,0
59,1534224157,8,224.5,157.5,223.088389,-0.974389,0.3083,4,19.301,18.738,1.1,3.275,0.727,39.31,0.63252201087901,0.600142372174928,0.553404878495435,0.513961302379015,1.0,0.978723404255319,0.0,0.0,1.16,0.02,3.55,0.07,0.18,0.0,18.74,0.01,51.76,0.14,202.762,0.3083,171592351559.98,130255845295.901,104608385678.703,149403836063.523,4.97118008363762e-133,1.40941597885006e-09,4.40295432334416e-48,0.0033695825843821,0.0747930374807279,0.0050795294830461,3.0766832430314883,0.0053915447593883,57.32993230087292,57.00908446993826,56.38808623697339,56.38808623697339,1.0632907819219966,0.86,,,,,,,,,,,,,,,,,,,,,,,,,,,,,14.368909467398906,0,0,0
60,1534302074,13,302.5,74.5,223.084055,-0.979001,0.3098,4,19.845,19.247,0.834,2.458,0.774,90.42,0.63252201087901,0.600142372174928,0.553404878495435,0.513961302379015,1.0,1.0,0.0,0.0,0.9,0.01,7.57,0.11,0.62,0.0,18.88,0.01,85.62,0.27,16.352,0.3098,109856040133.566,89149281297.9485,77508745735.7387,103544773500.099,1.16216846945801e-10,4.09508353992506e-06,1.35872629893828e-13,0.0193813807013837,0.0247928790829294,0.0055612150525263,3.1808084692536323,0.00873333270652,55.07126874063773,55.01368098263068,55.05063733176025,55.05063733176025,0.0545647219286816,0.22,,,,,,0.0184348724457511,0.0072130166434777,195.3571795826253,26.351641065933208,229.26240106852356,,,0.0,,2.5002576895546187e-06,0.0001047482038139,16.661512,5.755504760955229e-20,0.0,0.0,0.0,0.0,0.0,1.0,3.0,,,-99.0,10.337963012282975,1,1,0
61,2301064121,10,64.5,121.5,339.499849,-31.859218,0.2945,4,19.99,19.534,1.1,2.262,0.702,93.18,0.704372042140792,0.669658015381145,0.620052310273567,0.580159636243852,1.0,0.914893617021277,1.0,1.0,0.93,0.0,1.07,0.01,0.61,0.0,19.55,0.0,89.06,0.21,7.669,0.2945,53642729751.6213,69165867888.3574,54919691027.5072,83506150090.5194,23.8161306057681,25.5971681827678,18.5377691414823,34.2881057201073,0.0831127261443815,0.0081405492668141,2.403472405909934,0.0057453511449035,56.61854903351086,56.97877490795501,56.386281897605954,56.386281897605954,0.2329089291331142,0.12,0.0186130758109166,0.0024950288319618,137.5450379190085,56.28676804432417,74.46634666427019,0.0791999514658774,0.0290266933733782,111.82756269554156,9.550251355792152,84.72465704556524,1.1453184534152356,0.2599841627099294,10969.316,1.6052971777190363e-16,4.678208149801916,0.2022763838552333,57588.34,1.2489749557718615e-16,3.441163573823283,0.2177204264079419,39355.582,1.344335679532936e-16,1.0,1.0,1.0,4.25968,0.112516,0.0,8.83485359062285,1,1,1
62,2301109255,8,109.5,255.5,339.496905,-31.851773,0.2936,4,19.604,19.255,1.178,2.495,0.566,115.78,0.704372042140792,0.669658015381145,0.620052310273567,0.580159636243852,1.0,0.981132075471698,1.0,1.0,1.08,0.01,0.93,0.02,0.36,0.0,19.29,0.01,-60.9,0.33,228.027,0.2936,10875509115.6628,13563239311.4224,11186856677.2883,17016435357.2353,10.1910631612821,4.8734713895192,3.78044692475863,7.78286167357389,0.1181516968835436,0.0065843602877908,2.3773297320963223,0.038195445398015,51.81556360125576,51.22971746898265,51.896029474995416,51.896029474995416,0.0804781432811781,0.14,0.0560298469114881,0.0026631986932533,133.25252825272548,64.49996681400974,98.59680252548284,0.0342869020455421,0.0117208616225999,103.03236733563926,15.343333695859345,100.05058765844228,0.5709694972015411,0.1120863960401094,8546.935,6.969747261586157e-17,2.8385981717870723,0.0875294086390969,54412.703,5.442746646544831e-17,2.2292433618890724,0.0996892399545226,37519.72,6.198868299182406e-17,1.0,1.0,1.0,3.34089,0.0800554,0.0,11.185346307809718,1,1,1
63,2301196197,2,196.5,197.5,339.491215,-31.854996,0.2981,4,18.154,17.564,1.488,4.862,0.879,96.71,0.704372042140792,0.669658015381145,0.620052310273567,0.580159636243852,1.0,1.0,0.0,0.0170454545454545,1.81,0.01,5.07,0.02,0.88,0.0,17.39,0.0,-54.48,0.42,23.568,0.2981,109381821570.292,114330961290.595,101862527907.571,130286598235.826,9.65993506250758e-05,1.07848726497251e-28,2.7703429689540202e-95,5.55630296989692e-08,0.0251547468839833,0.0036218191280922,3.653149106919613,0.0611355224101977,109.5459965451011,109.25326368538106,109.46208699661648,109.46208699661648,0.3386914903625446,0.26,,,,,,0.024150599522771,0.0071902643030264,130.086113006332,29.6133378359976,256.9038049139696,,,0.0,,0.0016213175368447,0.0227964093623384,186.51408,1.3687936664497109e-17,0.0009279610906373,0.0233947756157512,104.020966,1.4047221289049292e-17,0.0,2.0,2.0,,,-99.0,9.583949584976686,1,1,0
64,2301269327,5,269.5,327.5,339.486441,-31.847773,0.2984,4,19.103,18.575,1.423,4.472,0.755,6.21,0.704372042140792,0.669658015381145,0.620052310273567,0.580159636243852,1.0,0.923076923076923,1.0,0.935897435897436,3.26,0.04,6.3,0.04,0.62,0.0,18.09,0.01,12.85,0.17,8.975,0.2984,43944160544.608,42428619026.1239,39031611993.3638,47340675727.6796,0.0003256186413875,1.76542046016437e-13,1.0174625021414601e-58,0.0040858400268925,0.3449514000565855,0.0112114988193985,3.784869368691217,0.0103692573295268,92.2325589054506,68.26888872202343,93.84552910425629,93.84552910425629,2.9999792635810234,0.28,0.0706768815516345,0.0086565237809172,124.14806721105842,38.645901058016776,135.3157075448399,,,76.81834265990211,20.85790137861287,185.89168242159107,0.9745513360231696,0.1967838891993189,14707.348,1.1788424288730463e-16,2.0009846923241463,0.1543855687094288,38490.74,9.248534498473548e-17,1.6308792937602938,0.1549249776987583,31262.201,9.280848028088412e-17,3.0,3.0,3.0,1.90355,0.0897137,0.0,4.7774072538208125,1,0,1
65,2301290261,3,290.5,261.5,339.485067,-31.85144,0.2978,4,19.127,18.582,1.008,2.956,0.783,148.91,0.704372042140792,0.669658015381145,0.620052310273567,0.580159636243852,1.0,1.0,0.5,0.5375,1.46,0.03,8.0,0.08,0.56,0.0,18.31,0.01,-40.94,0.15,25.486,0.2978,38639325589.6267,40364996330.8874,34751754858.2834,51645449331.6085,0.0031290388355988,0.004879229454457,2.3646598007349598e-11,0.272967141023109,0.0640929576992138,0.0051037012699376,3.3237576873487527,0.0147223323278106,76.14917888741053,75.82029726858792,76.12923199296293,76.12923199296293,1.5707271472889606,0.51,0.11579888389396,0.0217450405048814,277.3353464397641,,260.7313893823804,0.0336796262930897,0.0109910113585153,171.52609632871506,27.881634660290697,225.39210166271607,inf,inf,513.7655,inf,2.859251936645714,1.3906432913606646,3262.0225,8.369384823296926e-16,1.0210687466481612,0.812801892308065,1993.0608,4.891730225925973e-16,2.0,2.0,2.0,,,-99.0,9.764133595562317,0,1,0
66,2302196199,2,196.5,199.5,340.190833,-34.714767,0.2926,4,18.257,17.709,2.221,5.785,0.757,29.89,0.640063601102215,0.604090310667935,0.545034427550834,0.497280344230265,1.0,0.930051813471503,0.0212765957446809,0.0207253886010363,3.43,0.12,5.92,0.1,0.8,0.01,17.44,0.02,11.91,1.0,414.345,0.2926,102751938046.146,108707392928.078,86303714913.1292,138105380262.364,0.27297972340455,4.43367310899794e-09,0.0,1.5556033516524,0.3472697256114022,0.007437637807262,3.770461297772572,0.0762435942337542,118.637928646136,117.70080276581083,120.97513416166936,120.97513416166936,2.999999198031618,0.24,,,,,,0.0520840623868238,0.0193970462670826,59.46235978035352,22.77138329490585,221.60446315079412,,,0.0,,4.560963513960254e-05,0.0011142617528489,167.235,6.983233366245988e-19,7.449594611900027e-05,0.0026060565997727,116.79025,1.6332519136843554e-18,0.0,2.0,1.0,,,-99.0,5.260936293632297,1,1,0
67,2302197233,4,197.5,233.5,340.190765,-34.712878,0.2932,4,19.296,18.704,1.418,4.18,0.573,107.48,0.640063601102215,0.604090310667935,0.545034427550834,0.497280344230265,1.0,0.993827160493827,0.394736842105263,0.111111111111111,0.86,0.02,4.48,0.14,0.57,0.01,18.89,0.02,-64.95,0.6,262.09,0.2932,65081714450.1889,50475855022.6285,36884812224.9067,68642960439.5262,21.9298402512146,19.4327303226232,12.2469086601984,22.767426505111,0.3670721689758784,0.0117203343589445,3.694551580199712,0.1393382545567658,84.7069654093171,85.15809790500577,81.85139597993489,81.85139597993489,2.99999978583921,0.46,,,,,,0.0503449836145323,0.0127937835274497,116.55404685444738,23.62996984781743,198.73542963726203,inf,inf,1065.572,inf,1.542564654491315,1.7874429005715302,1273.4993,1.1149543914743693e-15,25.28630436347585,31.32677908948835,1191.1244,1.954072485638806e-14,2.0,2.0,2.0,,,-99.0,12.202747793518775,1,1,0
70,2303197196,4,197.5,196.5,340.36972,-34.080057,0.3428,4,19.192,18.724,2.023,3.991,0.738,71.74,0.694224996703617,0.648740895804761,0.581224831608519,0.526240847467987,1.0,0.89751552795031,1.0,1.0,2.32,0.01,1.62,0.01,0.66,0.0,18.61,0.0,72.45,0.35,34.357,0.3428,89348885624.9624,75200716806.8728,65866413452.1531,82750302807.1458,1.9884286166827,1.58553127017682,0.306509752013779,3.78755713117005,0.1541857209603261,0.006851341357524,2.531648446073881,0.0081748248204405,76.83129314333888,77.47556441023876,76.01110384406067,76.01110384406067,0.8505943762868992,0.16,0.0124747417147158,0.0029345834867123,227.1151341599716,15.759341080964038,67.39748647470115,0.0630064015445895,0.0143862293220377,184.0770671878849,9.33894225414868,98.2981409750887,0.2835398532454993,0.3884887924975734,3579.9963,1.688233977763858e-16,3.726809149264125,0.348583802045009,52441.72,1.5148210967094259e-16,1.8332932620978464,0.3776913832853238,23809.037,1.6413122815503074e-16,1.0,1.0,1.0,4.558,0.195666,0.0,5.3969086975738305,1,1,1
71,2304104201,4,104.5,201.5,341.648595,-31.305159,0.2882,4,18.894,18.613,1.372,2.932,0.933,42.46,0.667890242368905,0.620247150594903,0.55196205091622,0.496893123519451,1.0,1.0,1.0,1.0,1.29,0.01,1.55,0.01,0.95,0.0,18.58,0.0,48.81,3.57,80.121,0.2882,38141153748.2716,44926749540.1565,36572235265.3476,52235480757.3211,26.0355417524793,16.605980201897,12.0482759829072,24.238057046332,0.2677739903725347,0.0069212523387249,2.6103387617807936,0.0949562678703174,53.940579817160085,53.87239920694645,53.33367691088726,53.33367691088726,0.6509958964850683,0.04,0.0139075090715038,0.0009361062001327,202.6861896510157,60.97202319664992,51.86126867884919,0.0407116381999915,0.0117500753037771,188.16010098898624,16.081143832394844,64.52624155927741,0.5542607711698105,0.1771278093931501,14537.279,1.1493898446540068e-16,5.10669600725068,0.1486600972223007,159588.4,9.64661656676016e-17,3.117079076292319,0.1649400527708682,87796.55,1.070302976596646e-16,1.0,1.0,1.0,5.80145,0.0633837,0.0,8.913534575012587,1,1,1
72,2304196198,2,196.5,198.5,341.642613,-31.305326,0.2857,4,18.874,18.219,1.333,3.326,0.582,158.15,0.667890242368905,0.620247150594903,0.55196205091622,0.496893123519451,1.0,1.0,1.0,0.971014492753623,1.36,0.01,2.71,0.02,0.41,0.0,18.16,0.0,-23.65,0.12,64.183,0.2857,146929396799.165,139836090968.139,124319498691.305,175269602992.418,1.50239290299497e-21,1.13187687187096e-20,3.7358901902163e-41,6.43856430408319e-08,0.0583738081684044,0.0045436824971893,2.933451172043264,0.0077454655206367,55.99993989287681,55.72185515853177,55.87729228136062,55.87729228136062,0.1633802792673249,0.38,0.0314690327261222,0.0097275624601063,219.81477371137385,14.631455627390414,187.97529479306007,0.0317057305469346,0.00782672734824,143.1714751040956,24.79980773472861,212.0918157522493,38.18012132475267,28.34589934621385,4354.764,1.876513209175941e-14,4.613547579088011,0.6191880140716393,24089.625,4.0990567036781846e-16,4.607423494439537,0.9702407330160556,15353.1045,6.423043874345663e-16,2.0,2.0,2.0,1.50943,0.242492,0.0,12.587181191107165,1,1,1
74,2305197198,1,197.5,198.5,344.606659,-34.696554,0.3173,4,19.427,18.831,1.022,3.45,0.886,120.69,0.61687560262874,0.584099877650795,0.529857500013603,0.488138631433025,1.0,1.0,0.0,0.0,1.36,0.02,7.38,0.07,0.84,0.0,18.6,0.01,-76.59,0.56,20.372,0.3173,171421597632.354,154096006525.74,133171742574.245,186237978121.44,39.2009191467495,35.8050428248104,28.5018784144214,55.435691269448,0.039795824610981,0.0057155570012626,3.658382043915398,0.2161207354419728,79.3260126686028,78.58222245597503,79.37175511867447,79.37175511867447,0.0506884080017514,0.11,,,,,,0.0325673753365588,0.0099809132438965,136.40835432753863,29.393842192383214,215.4453479571804,,,0.0,,0.0,0.0,0.0,0.0,0.0,0.0,0.0,0.0,0.0,3.0,0.0,,,-99.0,7.462434125665946,1,1,0
75,2306197198,3,197.5,198.5,345.065704,-34.467699,0.3139,4,19.163,18.583,1.1,3.616,0.945,105.32,0.568986468532485,0.533829723318617,0.476624128338565,0.433544154249622,1.0,1.0,0.0,0.0,1.32,0.01,5.54,0.04,0.81,0.0,18.43,0.0,-63.21,0.51,28.775,0.3139,41762175648.9115,47343210423.5085,32482564020.1816,91138822657.9686,2.76677311623143,3.19770464719533,1.12604884472964e-05,39.9400882756803,0.0547403196979606,0.0047081159835812,3.5563383574159584,0.0958240857474517,85.8225565296373,85.68115127478916,85.19706243269937,85.19706243269937,0.627202548079518,0.15,,,,,,0.0340120909267898,0.0099366426339526,237.1397868641085,26.64064450651166,222.4368981646286,,,0.0,,3.680243921543124e-05,0.0013005873438356,56.827435,6.932487528518887e-19,0.0,0.0,0.0,0.0,0.0,1.0,0.0,,,-99.0,8.518866972416017,1,1,0
77,2307197200,2,197.5,200.5,345.484711,-34.497346,0.3357,4,19.339,18.761,1.583,4.819,0.859,157.97,0.683960552672356,0.648766455887034,0.596104750810452,0.553708500504517,1.0,1.0,0.16,0.0416666666666667,2.75,0.03,6.74,0.04,0.81,0.0,18.45,0.0,1.6,0.3,15.444,0.3357,1549763468207.55,1480438470966.33,1264842940562.48,1707167960209.25,0.0,7.57090027339656e-82,0.0,2.12880566654821e-15,0.0353305718721334,0.0045540037032397,3.779887397928365,0.0178263540039449,88.29585891760229,87.45535671190208,87.90662280123115,87.90662280123115,0.5617715915732787,0.21,,,,,,0.0351751192999505,0.0138717279658202,86.01972736010127,24.20429661954775,222.48158886395768,inf,inf,682.9678,inf,0.5911981924964612,2.9224598739489065,702.29767,1.3333253070381377e-15,2.747887966190476,13.96804085387328,682.9678,6.37269395081434e-15,0.0,3.0,3.0,,,-99.0,3.8807098850865986,1,1,0
78,2307228105,3,228.5,105.5,345.482621,-34.502624,0.3342,4,19.873,19.262,1.177,3.095,0.69,131.71,0.683960552672356,0.648766455887034,0.596104750810452,0.553708500504517,1.0,1.0,0.766666666666667,0.471698113207547,1.17,0.02,2.91,0.06,0.48,0.0,19.23,0.01,-53.18,0.41,257.085,0.3342,510306689695.35,451553723602.867,404479062416.202,506142234635.935,9.463526151029433e-59,5.81496628115672e-65,0.0,1.35330396789778e-13,0.0229425588390264,0.0055071121475062,2.94796234201502,0.0465050814425153,68.0917524663461,67.47783380970077,68.09139836562905,68.09139836562905,0.0049199262705107,0.18,,,,,,0.0250461138820914,0.0068402739376264,201.1101242458951,24.68080522369624,200.5864318066939,0.6771766554204441,1.026857282301092,1126.3186,4.733856392045449e-16,2.4504960187522244,1.4774917896975488,2832.685,6.811300921176683e-16,2.611161802312272,1.6907279793550858,2637.7244,7.79432895907861e-16,1.0,1.0,1.0,,,-99.0,8.285141215587906,1,1,0
79,2308198197,2,198.5,197.5,345.491999,-32.798679,0.3469,4,18.274,17.729,1.508,5.633,0.684,106.02,0.696006915510404,0.654393446363271,0.592317817043462,0.541421871857646,1.0,0.994252873563218,1.0,0.977011494252874,1.48,0.01,4.55,0.02,0.67,0.0,17.67,0.0,-80.82,0.11,13.42,0.3469,239570039821.26,221951631781.421,189962307838.517,252260717325.755,49.0735878706363,3.36041805589301,0.0003685269561381,37.9975746730947,0.0876628154625952,0.0028291033261826,3.786151334839637,0.0642132413355126,105.45266929718716,104.96950739888862,105.0137789841291,105.0137789841291,0.4492115776079949,0.16,0.0283431836295993,0.0038587225175836,314.3447236748369,14.429648427755389,155.84057192347194,0.023284363235356,0.0075012167979659,216.17073608632555,32.492318890881094,218.92279963143125,11.75582737553181,10.002423252223489,7137.978,4.2280340547281785e-15,9.66854007513231,1.2582386499397005,46668.637,5.318587033134874e-16,7.422566004307539,1.3158267089563045,34259.625,5.562012319716077e-16,2.0,1.0,1.0,9.71885,1.59344,0.0,11.964920517506524,1,1,1
81,2309198195,2,198.5,195.5,346.275632,-30.120823,0.3259,4,19.514,18.92,1.28,3.508,0.732,73.41,0.761652631956217,0.718789108423643,0.661948555497479,0.614538945355613,1.0,0.984375,1.0,0.984375,0.93,0.02,3.74,0.11,0.74,0.01,19.01,0.01,48.14,1.79,242.15,0.3259,53702550046.8938,57689022907.4406,52645867687.6677,62926478685.6714,0.120910163615679,0.0923242302654102,0.0089634953222408,0.431659188061177,0.0666586719768098,0.006095738183035,3.296777366018311,0.0783191175587129,88.46270440524913,89.12652847207524,89.43530137458444,89.43530137458444,1.0207873632394175,0.27,0.0516231903524808,0.008345469551405,134.76342861214556,35.1304735435423,191.3695477732189,0.0402435960296248,0.0137170620703584,31.395351732051235,18.994131419346587,203.36989401913573,,,,,,,,,,,,,,,,,,,9.443798970268487,1,1,1
82,2310167176,3,167.5,176.5,348.305111,-34.015689,0.2832,4,18.925,18.662,1.062,2.992,0.623,53.6,0.61198767846857,0.576053467830161,0.520782210167452,0.48001601303581,0.863636363636364,0.966666666666667,1.0,1.0,1.09,0.09,8.0,0.47,0.65,0.01,18.5,0.04,-80.6,1.14,530.834,0.2832,10713006879.038,12269198409.581,10116393883.1505,15883538065.829,12.5862371191615,9.68300352197687,8.16818221455284,12.6620867612138,0.1537049850931706,0.0056586599224048,3.692983176652272,0.6360664386830478,61.90466354955517,61.60809813077895,62.19094592685022,62.19094592685022,1.1205105122209562,0.39,0.0384920334860888,0.0023924496440658,82.38077706979918,63.31129133074098,286.85741788238136,0.0398690627612005,0.02929945720801,234.3541830389522,13.073035542614146,537.3120251763518,7.35330234789099,0.3309473706472747,173167.69,2.235482491174109e-16,13.390861186128772,0.2534655046848901,411749.44,1.7121081721588442e-16,12.306660817432062,0.2610847693025615,367368.62,1.7635747621943347e-16,1.0,1.0,1.0,19.1271,0.44849,0.0,13.669824042224413,1,1,1
84,2310199196,4,199.5,196.5,348.302967,-34.014578,0.2833,4,18.297,17.76,2.213,4.807,0.601,121.12,0.61198767846857,0.576053467830161,0.520782210167452,0.48001601303581,1.0,0.931578947368421,1.0,0.96578947368421,3.67,0.19,5.86,0.16,0.5,0.0,17.55,0.03,-60.36,0.41,494.008,0.2833,47924433602.2806,43331446856.9348,37088517054.8598,52254576913.4706,9.67853964889642,0.0495528484002238,0.000165389859829,0.952742881173053,0.5020610173044094,0.0139271896834328,3.4569641858154205,0.0676540075126169,86.30832457945056,86.64222825921028,83.43664724419176,83.43664724419176,2.9697054125554696,0.19,0.1137443651001556,0.0087256787415221,176.0313903619233,17.740151271442215,155.2358204362147,0.0360173713948882,0.0091103325612878,151.96516678265667,21.00512800387889,188.9374103649288,1.342953452528131,1.3701759205148094,8153.238,9.2477752905234e-16,3.4640691597449624,0.446251839381923,64573.156,3.011902830722794e-16,2.6896576437861097,0.5463446621132669,40952.062,3.6874627489454676e-16,2.0,1.0,1.0,4.3634,0.194202,0.0,6.359094158083152,1,1,1
85,2310313103,7,313.5,103.5,348.295325,-34.019745,0.2843,4,18.85,18.456,1.94,3.973,0.601,95.6,0.61198767846857,0.576053467830161,0.520782210167452,0.48001601303581,1.0,0.934931506849315,1.0,0.986301369863014,2.1,0.01,1.59,0.01,0.48,0.0,18.48,0.0,-84.57,0.19,63.831,0.2843,6365583979.6226,4641780098.55461,3389327166.59813,10125821926.6069,3.55496559792974,6.42940643898838,3.4689313012824,9.75361573621898,0.168593967260916,0.0065839292606091,2.576202597820052,0.1275167135929572,74.0892339482871,73.2897253612042,74.60524323289509,74.60524323289509,0.516270830394605,0.12,0.022940480747238,0.0028082297191989,133.68497010741166,43.324070940804816,81.13818784632484,0.0361124953459296,0.0120716613740296,103.29708834878724,14.508354442201568,101.38354951135636,0.9617754823292114,0.3470165813814484,17389.596,2.323290008214373e-16,4.496111077880867,0.2447695216437624,115251.266,1.638741819444269e-16,2.973674646462859,0.2795813092351796,66734.64,1.8718081413971032e-16,1.0,1.0,1.0,10.4522,0.157283,0.0,7.9784183911229976,1,1,1
86,2311197197,2,197.5,197.5,348.454529,-32.982594,0.3323,4,19.266,18.686,0.803,2.635,0.947,5.61,0.578367194471915,0.532062318835128,0.466254224526944,0.421609151277769,1.0,1.0,0.0,0.0,0.84,0.01,6.46,0.06,0.7,0.0,18.55,0.0,47.57,0.4,61.586,0.3323,45487557344.1878,46439238243.0354,42366717997.3403,54421842349.3148,7.33058744522412e-17,2.68348607098974e-19,2.54884145465281e-34,7.56148422538362e-08,0.0236260107610546,0.0062143631455601,3.4731482726830447,0.0145355052970655,70.91264788436487,70.45825243872662,70.97320984782606,70.97320984782606,0.0749382059144727,0.2,,,,,,0.020793080247484,0.0062828582953677,127.359542074268,37.86161140004146,217.5508707712066,,,,,,,,,,,,,,,,,,,13.28855797610832,1,1,0
